This is XeTeX, Version 3.141592653-2.6-0.999997 (TeX Live 2025) (preloaded format=xelatex 2025.4.13)  18 JUL 2025 14:28
entering extended mode
 restricted \write18 enabled.
 %&-line parsing enabled.
**"Extended Eratosthenes Sieve.tex"
(./Extended Eratosthenes Sieve.tex
LaTeX2e <2024-11-01> patch level 2
L3 programming layer <2025-01-18>
(d:/texlive/2025/texmf-dist/tex/latex/base/article.cls
Document Class: article 2024/06/29 v1.4n Standard LaTeX document class
(d:/texlive/2025/texmf-dist/tex/latex/base/size10.clo
File: size10.clo 2024/06/29 v1.4n Standard LaTeX file (size option)
)
\c@part=\count192
\c@section=\count193
\c@subsection=\count194
\c@subsubsection=\count195
\c@paragraph=\count196
\c@subparagraph=\count197
\c@figure=\count198
\c@table=\count199
\abovecaptionskip=\skip49
\belowcaptionskip=\skip50
\bibindent=\dimen141
)
(d:/texlive/2025/texmf-dist/tex/latex/xcolor/xcolor.sty
Package: xcolor 2024/09/29 v3.02 LaTeX color extensions (UK)

(d:/texlive/2025/texmf-dist/tex/latex/graphics-cfg/color.cfg
File: color.cfg 2016/01/02 v1.6 sample color configuration
)
Package xcolor Info: Driver file: xetex.def on input line 274.

(d:/texlive/2025/texmf-dist/tex/latex/graphics-def/xetex.def
File: xetex.def 2022/09/22 v5.0n Graphics/color driver for xetex
)
(d:/texlive/2025/texmf-dist/tex/latex/graphics/mathcolor.ltx)
Package xcolor Info: Model `cmy' substituted by `cmy0' on input line 1349.
Package xcolor Info: Model `RGB' extended on input line 1365.
Package xcolor Info: Model `HTML' substituted by `rgb' on input line 1367.
Package xcolor Info: Model `Hsb' substituted by `hsb' on input line 1368.
Package xcolor Info: Model `tHsb' substituted by `hsb' on input line 1369.
Package xcolor Info: Model `HSB' substituted by `hsb' on input line 1370.
Package xcolor Info: Model `Gray' substituted by `gray' on input line 1371.
Package xcolor Info: Model `wave' substituted by `hsb' on input line 1372.
)
(d:/texlive/2025/texmf-dist/tex/latex/amsmath/amsmath.sty
Package: amsmath 2024/11/05 v2.17t AMS math features
\@mathmargin=\skip51

For additional information on amsmath, use the `?' option.
(d:/texlive/2025/texmf-dist/tex/latex/amsmath/amstext.sty
Package: amstext 2021/08/26 v2.01 AMS text

(d:/texlive/2025/texmf-dist/tex/latex/amsmath/amsgen.sty
File: amsgen.sty 1999/11/30 v2.0 generic functions
\@emptytoks=\toks17
\ex@=\dimen142
))
(d:/texlive/2025/texmf-dist/tex/latex/amsmath/amsbsy.sty
Package: amsbsy 1999/11/29 v1.2d Bold Symbols
\pmbraise@=\dimen143
)
(d:/texlive/2025/texmf-dist/tex/latex/amsmath/amsopn.sty
Package: amsopn 2022/04/08 v2.04 operator names
)
\inf@bad=\count266
LaTeX Info: Redefining \frac on input line 233.
\uproot@=\count267
\leftroot@=\count268
LaTeX Info: Redefining \overline on input line 398.
LaTeX Info: Redefining \colon on input line 409.
\classnum@=\count269
\DOTSCASE@=\count270
LaTeX Info: Redefining \ldots on input line 495.
LaTeX Info: Redefining \dots on input line 498.
LaTeX Info: Redefining \cdots on input line 619.
\Mathstrutbox@=\box52
\strutbox@=\box53
LaTeX Info: Redefining \big on input line 721.
LaTeX Info: Redefining \Big on input line 722.
LaTeX Info: Redefining \bigg on input line 723.
LaTeX Info: Redefining \Bigg on input line 724.
\big@size=\dimen144
LaTeX Font Info:    Redeclaring font encoding OML on input line 742.
LaTeX Font Info:    Redeclaring font encoding OMS on input line 743.
\macc@depth=\count271
LaTeX Info: Redefining \bmod on input line 904.
LaTeX Info: Redefining \pmod on input line 909.
LaTeX Info: Redefining \smash on input line 939.
LaTeX Info: Redefining \relbar on input line 969.
LaTeX Info: Redefining \Relbar on input line 970.
\c@MaxMatrixCols=\count272
\dotsspace@=\muskip17
\c@parentequation=\count273
\dspbrk@lvl=\count274
\tag@help=\toks18
\row@=\count275
\column@=\count276
\maxfields@=\count277
\andhelp@=\toks19
\eqnshift@=\dimen145
\alignsep@=\dimen146
\tagshift@=\dimen147
\tagwidth@=\dimen148
\totwidth@=\dimen149
\lineht@=\dimen150
\@envbody=\toks20
\multlinegap=\skip52
\multlinetaggap=\skip53
\mathdisplay@stack=\toks21
LaTeX Info: Redefining \[ on input line 2953.
LaTeX Info: Redefining \] on input line 2954.
)
(d:/texlive/2025/texmf-dist/tex/latex/amsfonts/amssymb.sty
Package: amssymb 2013/01/14 v3.01 AMS font symbols

(d:/texlive/2025/texmf-dist/tex/latex/amsfonts/amsfonts.sty
Package: amsfonts 2013/01/14 v3.01 Basic AMSFonts support
\symAMSa=\mathgroup4
\symAMSb=\mathgroup5
LaTeX Font Info:    Redeclaring math symbol \hbar on input line 98.
LaTeX Font Info:    Overwriting math alphabet `\mathfrak' in version `bold'
(Font)                  U/euf/m/n --> U/euf/b/n on input line 106.
))
(d:/texlive/2025/texmf-dist/tex/generic/iftex/iftex.sty
Package: iftex 2024/12/12 v1.0g TeX engine tests
)
(d:/texlive/2025/texmf-dist/tex/latex/unicode-math/unicode-math.sty
(d:/texlive/2025/texmf-dist/tex/latex/l3kernel/expl3.sty
Package: expl3 2025-01-18 L3 programming layer (loader) 

(d:/texlive/2025/texmf-dist/tex/latex/l3backend/l3backend-xetex.def
File: l3backend-xetex.def 2024-05-08 L3 backend support: XeTeX
\g__graphics_track_int=\count278
\l__pdf_internal_box=\box54
\g__pdf_backend_annotation_int=\count279
\g__pdf_backend_link_int=\count280
))
Package: unicode-math 2023/08/13 v0.8r Unicode maths in XeLaTeX and LuaLaTeX

(d:/texlive/2025/texmf-dist/tex/latex/unicode-math/unicode-math-xetex.sty
Package: unicode-math-xetex 2023/08/13 v0.8r Unicode maths in XeLaTeX and LuaLa
TeX

(d:/texlive/2025/texmf-dist/tex/latex/l3packages/xparse/xparse.sty
Package: xparse 2024-08-16 L3 Experimental document command parser
)
(d:/texlive/2025/texmf-dist/tex/latex/l3packages/l3keys2e/l3keys2e.sty
Package: l3keys2e 2024-08-16 LaTeX2e option processing using LaTeX3 keys
)
(d:/texlive/2025/texmf-dist/tex/latex/fontspec/fontspec.sty
Package: fontspec 2024/05/11 v2.9e Font selection for XeLaTeX and LuaLaTeX

(d:/texlive/2025/texmf-dist/tex/latex/fontspec/fontspec-xetex.sty
Package: fontspec-xetex 2024/05/11 v2.9e Font selection for XeLaTeX and LuaLaTe
X
\l__fontspec_script_int=\count281
\l__fontspec_language_int=\count282
\l__fontspec_strnum_int=\count283
\l__fontspec_tmp_int=\count284
\l__fontspec_tmpa_int=\count285
\l__fontspec_tmpb_int=\count286
\l__fontspec_tmpc_int=\count287
\l__fontspec_em_int=\count288
\l__fontspec_emdef_int=\count289
\l__fontspec_strong_int=\count290
\l__fontspec_strongdef_int=\count291
\l__fontspec_tmpa_dim=\dimen151
\l__fontspec_tmpb_dim=\dimen152
\l__fontspec_tmpc_dim=\dimen153

(d:/texlive/2025/texmf-dist/tex/latex/base/fontenc.sty
Package: fontenc 2021/04/29 v2.0v Standard LaTeX package
)
(d:/texlive/2025/texmf-dist/tex/latex/fontspec/fontspec.cfg)))
(d:/texlive/2025/texmf-dist/tex/latex/base/fix-cm.sty
Package: fix-cm 2020/11/24 v1.1t fixes to LaTeX

(d:/texlive/2025/texmf-dist/tex/latex/base/ts1enc.def
File: ts1enc.def 2001/06/05 v3.0e (jk/car/fm) Standard LaTeX file
LaTeX Font Info:    Redeclaring font encoding TS1 on input line 47.
))
\g__um_fam_int=\count292
\g__um_fonts_used_int=\count293
\l__um_primecount_int=\count294
\g__um_primekern_muskip=\muskip18

(d:/texlive/2025/texmf-dist/tex/latex/unicode-math/unicode-math-table.tex)))
(d:/texlive/2025/texmf-dist/tex/latex/lm/lmodern.sty
Package: lmodern 2015/05/01 v1.6.1 Latin Modern Fonts
LaTeX Font Info:    Overwriting symbol font `operators' in version `normal'
(Font)                  OT1/cmr/m/n --> OT1/lmr/m/n on input line 22.
LaTeX Font Info:    Overwriting symbol font `letters' in version `normal'
(Font)                  OML/cmm/m/it --> OML/lmm/m/it on input line 23.
LaTeX Font Info:    Overwriting symbol font `symbols' in version `normal'
(Font)                  OMS/cmsy/m/n --> OMS/lmsy/m/n on input line 24.
LaTeX Font Info:    Overwriting symbol font `largesymbols' in version `normal'
(Font)                  OMX/cmex/m/n --> OMX/lmex/m/n on input line 25.
LaTeX Font Info:    Overwriting symbol font `operators' in version `bold'
(Font)                  OT1/cmr/bx/n --> OT1/lmr/bx/n on input line 26.
LaTeX Font Info:    Overwriting symbol font `letters' in version `bold'
(Font)                  OML/cmm/b/it --> OML/lmm/b/it on input line 27.
LaTeX Font Info:    Overwriting symbol font `symbols' in version `bold'
(Font)                  OMS/cmsy/b/n --> OMS/lmsy/b/n on input line 28.
LaTeX Font Info:    Overwriting symbol font `largesymbols' in version `bold'
(Font)                  OMX/cmex/m/n --> OMX/lmex/m/n on input line 29.
LaTeX Font Info:    Overwriting math alphabet `\mathbf' in version `normal'
(Font)                  OT1/cmr/bx/n --> OT1/lmr/bx/n on input line 31.
LaTeX Font Info:    Overwriting math alphabet `\mathsf' in version `normal'
(Font)                  OT1/cmss/m/n --> OT1/lmss/m/n on input line 32.
LaTeX Font Info:    Overwriting math alphabet `\mathit' in version `normal'
(Font)                  OT1/cmr/m/it --> OT1/lmr/m/it on input line 33.
LaTeX Font Info:    Overwriting math alphabet `\mathtt' in version `normal'
(Font)                  OT1/cmtt/m/n --> OT1/lmtt/m/n on input line 34.
LaTeX Font Info:    Overwriting math alphabet `\mathbf' in version `bold'
(Font)                  OT1/cmr/bx/n --> OT1/lmr/bx/n on input line 35.
LaTeX Font Info:    Overwriting math alphabet `\mathsf' in version `bold'
(Font)                  OT1/cmss/bx/n --> OT1/lmss/bx/n on input line 36.
LaTeX Font Info:    Overwriting math alphabet `\mathit' in version `bold'
(Font)                  OT1/cmr/bx/it --> OT1/lmr/bx/it on input line 37.
LaTeX Font Info:    Overwriting math alphabet `\mathtt' in version `bold'
(Font)                  OT1/cmtt/m/n --> OT1/lmtt/m/n on input line 38.
)
(d:/texlive/2025/texmf-dist/tex/latex/upquote/upquote.sty
Package: upquote 2012/04/19 v1.3 upright-quote and grave-accent glyphs in verba
tim

(d:/texlive/2025/texmf-dist/tex/latex/base/textcomp.sty
Package: textcomp 2024/04/24 v2.1b Standard LaTeX package
))
(d:/texlive/2025/texmf-dist/tex/latex/microtype/microtype.sty
Package: microtype 2025/02/11 v3.2a Micro-typographical refinements (RS)

(d:/texlive/2025/texmf-dist/tex/latex/graphics/keyval.sty
Package: keyval 2022/05/29 v1.15 key=value parser (DPC)
\KV@toks@=\toks22
)
(d:/texlive/2025/texmf-dist/tex/latex/etoolbox/etoolbox.sty
Package: etoolbox 2025/02/11 v2.5l e-TeX tools for LaTeX (JAW)
\etb@tempcnta=\count295
)
\MT@toks=\toks23
\MT@tempbox=\box55
\MT@count=\count296
LaTeX Info: Redefining \noprotrusionifhmode on input line 1087.
LaTeX Info: Redefining \leftprotrusion on input line 1088.
\MT@prot@toks=\toks24
LaTeX Info: Redefining \rightprotrusion on input line 1107.
LaTeX Info: Redefining \textls on input line 1449.
\MT@outer@kern=\dimen154
LaTeX Info: Redefining \microtypecontext on input line 2053.
LaTeX Info: Redefining \textmicrotypecontext on input line 2070.
\MT@listname@count=\count297

(d:/texlive/2025/texmf-dist/tex/latex/microtype/microtype-xetex.def
File: microtype-xetex.def 2025/02/11 v3.2a Definitions specific to xetex (RS)
LaTeX Info: Redefining \lsstyle on input line 443.
LaTeX Info: Redefining \lslig on input line 451.
\MT@outer@space=\skip54
)
Package microtype Info: Loading configuration file microtype.cfg.

(d:/texlive/2025/texmf-dist/tex/latex/microtype/microtype.cfg
File: microtype.cfg 2025/02/11 v3.2a microtype main configuration file (RS)
)
LaTeX Info: Redefining \microtypesetup on input line 3065.
)
(d:/texlive/2025/texmf-dist/tex/latex/parskip/parskip.sty
Package: parskip 2021-03-14 v2.0h non-zero parskip adjustments

(d:/texlive/2025/texmf-dist/tex/latex/kvoptions/kvoptions.sty
Package: kvoptions 2022-06-15 v3.15 Key value format for package options (HO)

(d:/texlive/2025/texmf-dist/tex/generic/ltxcmds/ltxcmds.sty
Package: ltxcmds 2023-12-04 v1.26 LaTeX kernel commands for general use (HO)
)
(d:/texlive/2025/texmf-dist/tex/latex/kvsetkeys/kvsetkeys.sty
Package: kvsetkeys 2022-10-05 v1.19 Key value parser (HO)
)))
(d:/texlive/2025/texmf-dist/tex/latex/fancyvrb/fancyvrb.sty
Package: fancyvrb 2024/01/20 4.5c verbatim text (tvz,hv)
\FV@CodeLineNo=\count298
\FV@InFile=\read2
\FV@TabBox=\box56
\c@FancyVerbLine=\count299
\FV@StepNumber=\count300
\FV@OutFile=\write3
)
(d:/texlive/2025/texmf-dist/tex/generic/soul/soul.sty
Package: soul 2023-06-14 v3.1 Permit use of UTF-8 characters in soul (HO)

(d:/texlive/2025/texmf-dist/tex/generic/soul/soul-ori.sty
Package: soul-ori 2023-06-14 v3.1 letterspacing/underlining (mf)
\SOUL@word=\toks25
\SOUL@lasttoken=\toks26
\SOUL@syllable=\toks27
\SOUL@cmds=\toks28
\SOUL@buffer=\toks29
\SOUL@token=\toks30
\SOUL@syllgoal=\dimen155
\SOUL@syllwidth=\dimen156
\SOUL@charkern=\dimen157
\SOUL@hyphkern=\dimen158
\SOUL@dimen=\dimen159
\SOUL@dimeni=\dimen160
\SOUL@minus=\count301
\SOUL@comma=\count302
\SOUL@apo=\count303
\SOUL@grave=\count304
\SOUL@spaceskip=\skip55
\SOUL@ttwidth=\dimen161
\SOUL@uldp=\dimen162
\SOUL@ulht=\dimen163
)
(d:/texlive/2025/texmf-dist/tex/generic/infwarerr/infwarerr.sty
Package: infwarerr 2019/12/03 v1.5 Providing info/warning/error messages (HO)
)
(d:/texlive/2025/texmf-dist/tex/generic/etexcmds/etexcmds.sty
Package: etexcmds 2019/12/15 v1.7 Avoid name clashes with e-TeX commands (HO)
))
(d:/texlive/2025/texmf-dist/tex/latex/bookmark/bookmark.sty
Package: bookmark 2023-12-10 v1.31 PDF bookmarks (HO)

(d:/texlive/2025/texmf-dist/tex/latex/hyperref/hyperref.sty
Package: hyperref 2024-11-05 v7.01l Hypertext links for LaTeX

(d:/texlive/2025/texmf-dist/tex/generic/kvdefinekeys/kvdefinekeys.sty
Package: kvdefinekeys 2019-12-19 v1.6 Define keys (HO)
)
(d:/texlive/2025/texmf-dist/tex/generic/pdfescape/pdfescape.sty
Package: pdfescape 2019/12/09 v1.15 Implements pdfTeX's escape features (HO)

(d:/texlive/2025/texmf-dist/tex/generic/pdftexcmds/pdftexcmds.sty
Package: pdftexcmds 2020-06-27 v0.33 Utility functions of pdfTeX for LuaTeX (HO
)
Package pdftexcmds Info: \pdf@primitive is available.
Package pdftexcmds Info: \pdf@ifprimitive is available.
Package pdftexcmds Info: \pdfdraftmode not found.
))
(d:/texlive/2025/texmf-dist/tex/latex/hycolor/hycolor.sty
Package: hycolor 2020-01-27 v1.10 Color options for hyperref/bookmark (HO)
)
(d:/texlive/2025/texmf-dist/tex/latex/hyperref/nameref.sty
Package: nameref 2023-11-26 v2.56 Cross-referencing by name of section

(d:/texlive/2025/texmf-dist/tex/latex/refcount/refcount.sty
Package: refcount 2019/12/15 v3.6 Data extraction from label references (HO)
)
(d:/texlive/2025/texmf-dist/tex/generic/gettitlestring/gettitlestring.sty
Package: gettitlestring 2019/12/15 v1.6 Cleanup title references (HO)
)
\c@section@level=\count305
)
(d:/texlive/2025/texmf-dist/tex/generic/stringenc/stringenc.sty
Package: stringenc 2019/11/29 v1.12 Convert strings between diff. encodings (HO
)
)
\@linkdim=\dimen164
\Hy@linkcounter=\count306
\Hy@pagecounter=\count307

(d:/texlive/2025/texmf-dist/tex/latex/hyperref/pd1enc.def
File: pd1enc.def 2024-11-05 v7.01l Hyperref: PDFDocEncoding definition (HO)
)
(d:/texlive/2025/texmf-dist/tex/generic/intcalc/intcalc.sty
Package: intcalc 2019/12/15 v1.3 Expandable calculations with integers (HO)
)
\Hy@SavedSpaceFactor=\count308

(d:/texlive/2025/texmf-dist/tex/latex/hyperref/puenc.def
File: puenc.def 2024-11-05 v7.01l Hyperref: PDF Unicode definition (HO)
)
Package hyperref Info: Option `unicode' set `true' on input line 4040.
Package hyperref Info: Hyper figures OFF on input line 4157.
Package hyperref Info: Link nesting OFF on input line 4162.
Package hyperref Info: Hyper index ON on input line 4165.
Package hyperref Info: Plain pages OFF on input line 4172.
Package hyperref Info: Backreferencing OFF on input line 4177.
Package hyperref Info: Implicit mode ON; LaTeX internals redefined.
Package hyperref Info: Bookmarks ON on input line 4424.
\c@Hy@tempcnt=\count309

(d:/texlive/2025/texmf-dist/tex/latex/url/url.sty
\Urlmuskip=\muskip19
Package: url 2013/09/16  ver 3.4  Verb mode for urls, etc.
)
LaTeX Info: Redefining \url on input line 4763.
\XeTeXLinkMargin=\dimen165

(d:/texlive/2025/texmf-dist/tex/generic/bitset/bitset.sty
Package: bitset 2019/12/09 v1.3 Handle bit-vector datatype (HO)

(d:/texlive/2025/texmf-dist/tex/generic/bigintcalc/bigintcalc.sty
Package: bigintcalc 2019/12/15 v1.5 Expandable calculations on big integers (HO
)
))
\Fld@menulength=\count310
\Field@Width=\dimen166
\Fld@charsize=\dimen167
Package hyperref Info: Hyper figures OFF on input line 6042.
Package hyperref Info: Link nesting OFF on input line 6047.
Package hyperref Info: Hyper index ON on input line 6050.
Package hyperref Info: backreferencing OFF on input line 6057.
Package hyperref Info: Link coloring OFF on input line 6062.
Package hyperref Info: Link coloring with OCG OFF on input line 6067.
Package hyperref Info: PDF/A mode OFF on input line 6072.

(d:/texlive/2025/texmf-dist/tex/latex/base/atbegshi-ltx.sty
Package: atbegshi-ltx 2021/01/10 v1.0c Emulation of the original atbegshi
package with kernel methods
)
\Hy@abspage=\count311
\c@Item=\count312
\c@Hfootnote=\count313
)
Package hyperref Info: Driver (autodetected): hxetex.

(d:/texlive/2025/texmf-dist/tex/latex/hyperref/hxetex.def
File: hxetex.def 2024-11-05 v7.01l Hyperref driver for XeTeX
\pdfm@box=\box57
\c@Hy@AnnotLevel=\count314
\HyField@AnnotCount=\count315
\Fld@listcount=\count316
\c@bookmark@seq@number=\count317

(d:/texlive/2025/texmf-dist/tex/latex/rerunfilecheck/rerunfilecheck.sty
Package: rerunfilecheck 2022-07-10 v1.10 Rerun checks for auxiliary files (HO)

(d:/texlive/2025/texmf-dist/tex/latex/base/atveryend-ltx.sty
Package: atveryend-ltx 2020/08/19 v1.0a Emulation of the original atveryend pac
kage
with kernel methods
)
(d:/texlive/2025/texmf-dist/tex/generic/uniquecounter/uniquecounter.sty
Package: uniquecounter 2019/12/15 v1.4 Provide unlimited unique counter (HO)
)
Package uniquecounter Info: New unique counter `rerunfilecheck' on input line 2
85.
)
\Hy@SectionHShift=\skip56
)
(d:/texlive/2025/texmf-dist/tex/latex/bookmark/bkm-dvipdfm.def
File: bkm-dvipdfm.def 2023-12-10 v1.31 bookmark driver for dvipdfm (HO)
\BKM@id=\count318
))
(d:/texlive/2025/texmf-dist/tex/latex/xurl/xurl.sty
Package: xurl 2022/01/09 v 0.10 modify URL breaks
)
(./Extended Eratosthenes Sieve.aux)
\openout1 = `"Extended Eratosthenes Sieve.aux"'.

LaTeX Font Info:    Checking defaults for OML/cmm/m/it on input line 96.
LaTeX Font Info:    ... okay on input line 96.
LaTeX Font Info:    Checking defaults for OMS/cmsy/m/n on input line 96.
LaTeX Font Info:    ... okay on input line 96.
LaTeX Font Info:    Checking defaults for OT1/cmr/m/n on input line 96.
LaTeX Font Info:    ... okay on input line 96.
LaTeX Font Info:    Checking defaults for T1/cmr/m/n on input line 96.
LaTeX Font Info:    ... okay on input line 96.
LaTeX Font Info:    Checking defaults for TS1/cmr/m/n on input line 96.
LaTeX Font Info:    ... okay on input line 96.
LaTeX Font Info:    Checking defaults for TU/lmr/m/n on input line 96.
LaTeX Font Info:    ... okay on input line 96.
LaTeX Font Info:    Checking defaults for OMX/cmex/m/n on input line 96.
LaTeX Font Info:    ... okay on input line 96.
LaTeX Font Info:    Checking defaults for U/cmr/m/n on input line 96.
LaTeX Font Info:    ... okay on input line 96.
LaTeX Font Info:    Checking defaults for PD1/pdf/m/n on input line 96.
LaTeX Font Info:    ... okay on input line 96.
LaTeX Font Info:    Checking defaults for PU/pdf/m/n on input line 96.
LaTeX Font Info:    ... okay on input line 96.
LaTeX Font Info:    Overwriting math alphabet `\mathrm' in version `normal'
(Font)                  OT1/lmr/m/n --> TU/lmr/m/n on input line 96.
LaTeX Font Info:    Overwriting math alphabet `\mathit' in version `normal'
(Font)                  OT1/lmr/m/it --> TU/lmr/m/it on input line 96.
LaTeX Font Info:    Overwriting math alphabet `\mathbf' in version `normal'
(Font)                  OT1/lmr/bx/n --> TU/lmr/bx/n on input line 96.
LaTeX Font Info:    Overwriting math alphabet `\mathsf' in version `normal'
(Font)                  OT1/lmss/m/n --> TU/lmss/m/n on input line 96.
LaTeX Font Info:    Overwriting math alphabet `\mathsf' in version `bold'
(Font)                  OT1/lmss/bx/n --> TU/lmss/bx/n on input line 96.
LaTeX Font Info:    Overwriting math alphabet `\mathtt' in version `normal'
(Font)                  OT1/lmtt/m/n --> TU/lmtt/m/n on input line 96.
LaTeX Font Info:    Overwriting math alphabet `\mathtt' in version `bold'
(Font)                  OT1/lmtt/m/n --> TU/lmtt/bx/n on input line 96.

Package fontspec Info: 
(fontspec)             latinmodern-math scale = 0.9999964596882403.


Package fontspec Info: 
(fontspec)             latinmodern-math scale = 0.9999964596882403.


Package fontspec Info: 
(fontspec)             latinmodern-math scale = 0.9999964596882403.


Package fontspec Info: 
(fontspec)             Font family 'latinmodern-math.otf(0)' created for font
(fontspec)             'latinmodern-math.otf' with options
(fontspec)             [Scale=MatchLowercase,BoldItalicFont={},ItalicFont={},Sm
allCapsFont={},Script=Math,BoldFont={latinmodern-math.otf}].
(fontspec)              
(fontspec)              This font family consists of the following NFSS
(fontspec)             series/shapes:
(fontspec)              
(fontspec)             - 'normal' (m/n) with NFSS spec.:
(fontspec)             <->s*[0.9999964596882403]"[latinmodern-math.otf]/OT:scri
pt=math;language=dflt;"
(fontspec)             - 'bold' (b/n) with NFSS spec.:
(fontspec)             <->s*[0.9999964596882403]"[latinmodern-math.otf]/OT:scri
pt=math;language=dflt;"

LaTeX Font Info:    Font shape `TU/latinmodern-math.otf(0)/m/n' will be
(Font)              scaled to size 10.0pt on input line 96.

Package fontspec Info: 
(fontspec)             latinmodern-math scale = 0.9999964596882403.


Package fontspec Info: 
(fontspec)             latinmodern-math scale = 0.9999964596882403.


Package fontspec Info: 
(fontspec)             latinmodern-math scale = 0.9999964596882403.


Package fontspec Info: 
(fontspec)             latinmodern-math scale = 0.9999964596882403.


Package fontspec Info: 
(fontspec)             latinmodern-math scale = 0.9999964596882403.


Package fontspec Info: 
(fontspec)             Font family 'latinmodern-math.otf(1)' created for font
(fontspec)             'latinmodern-math.otf' with options
(fontspec)             [Scale=MatchLowercase,BoldItalicFont={},ItalicFont={},Sm
allCapsFont={},Script=Math,SizeFeatures={{Size=8.5-},{Size=6-8.5,Font=latinmode
rn-math.otf,Style=MathScript},{Size=-6,Font=latinmodern-math.otf,Style=MathScri
ptScript}},BoldFont={latinmodern-math.otf}].
(fontspec)              
(fontspec)              This font family consists of the following NFSS
(fontspec)             series/shapes:
(fontspec)              
(fontspec)             - 'normal' (m/n) with NFSS spec.:
(fontspec)             <8.5->s*[0.9999964596882403]"[latinmodern-math.otf]/OT:s
cript=math;language=dflt;"<6-8.5>s*[0.9999964596882403]"[latinmodern-math.otf]/
OT:script=math;language=dflt;+ssty=0;"<-6>s*[0.9999964596882403]"[latinmodern-m
ath.otf]/OT:script=math;language=dflt;+ssty=1;"
(fontspec)             - 'bold' (b/n) with NFSS spec.:
(fontspec)             <->s*[0.9999964596882403]"[latinmodern-math.otf]/OT:scri
pt=math;language=dflt;"

LaTeX Font Info:    Font shape `TU/latinmodern-math.otf(1)/m/n' will be
(Font)              scaled to size 10.0pt on input line 96.
LaTeX Font Info:    Encoding `OT1' has changed to `TU' for symbol font
(Font)              `operators' in the math version `normal' on input line 96.
LaTeX Font Info:    Overwriting symbol font `operators' in version `normal'
(Font)                  OT1/lmr/m/n --> TU/latinmodern-math.otf(1)/m/n on input
 line 96.
LaTeX Font Info:    Encoding `OT1' has changed to `TU' for symbol font
(Font)              `operators' in the math version `bold' on input line 96.
LaTeX Font Info:    Overwriting symbol font `operators' in version `bold'
(Font)                  OT1/lmr/bx/n --> TU/latinmodern-math.otf(1)/b/n on inpu
t line 96.

Package fontspec Info: 
(fontspec)             latinmodern-math scale = 0.9999964596882403.


Package fontspec Info: 
(fontspec)             latinmodern-math scale = 1.000096459334209.


Package fontspec Info: 
(fontspec)             latinmodern-math scale = 0.9999964596882403.


Package fontspec Info: 
(fontspec)             latinmodern-math scale = 1.000096459334209.


Package fontspec Info: 
(fontspec)             latinmodern-math scale = 0.9999964596882403.


Package fontspec Info: 
(fontspec)             latinmodern-math scale = 1.000096459334209.


Package fontspec Info: 
(fontspec)             latinmodern-math scale = 0.9999964596882403.


Package fontspec Info: 
(fontspec)             latinmodern-math scale = 1.000096459334209.


Package fontspec Info: 
(fontspec)             latinmodern-math scale = 0.9999964596882403.


Package fontspec Info: 
(fontspec)             latinmodern-math scale = 1.000096459334209.


Package fontspec Info: 
(fontspec)             Font family 'latinmodern-math.otf(2)' created for font
(fontspec)             'latinmodern-math.otf' with options
(fontspec)             [Scale=MatchLowercase,BoldItalicFont={},ItalicFont={},Sm
allCapsFont={},Script=Math,SizeFeatures={{Size=8.5-},{Size=6-8.5,Font=latinmode
rn-math.otf,Style=MathScript},{Size=-6,Font=latinmodern-math.otf,Style=MathScri
ptScript}},BoldFont={latinmodern-math.otf},ScaleAgain=1.0001,FontAdjustment={\f
ontdimen
(fontspec)             8\font =6.77pt\relax \fontdimen 9\font =3.94pt\relax
(fontspec)             \fontdimen 10\font =4.44pt\relax \fontdimen 11\font
(fontspec)             =6.86pt\relax \fontdimen 12\font =3.45pt\relax
(fontspec)             \fontdimen 13\font =3.63pt\relax \fontdimen 14\font
(fontspec)             =3.63pt\relax \fontdimen 15\font =2.89pt\relax
(fontspec)             \fontdimen 16\font =2.47pt\relax \fontdimen 17\font
(fontspec)             =2.47pt\relax \fontdimen 18\font =2.5pt\relax
(fontspec)             \fontdimen 19\font =2.0pt\relax \fontdimen 22\font
(fontspec)             =2.5pt\relax \fontdimen 20\font =0pt\relax \fontdimen
(fontspec)             21\font =0pt\relax }].
(fontspec)              
(fontspec)              This font family consists of the following NFSS
(fontspec)             series/shapes:
(fontspec)              
(fontspec)             - 'normal' (m/n) with NFSS spec.:
(fontspec)             <8.5->s*[1.000096459334209]"[latinmodern-math.otf]/OT:sc
ript=math;language=dflt;"<6-8.5>s*[1.000096459334209]"[latinmodern-math.otf]/OT
:script=math;language=dflt;+ssty=0;"<-6>s*[1.000096459334209]"[latinmodern-math
.otf]/OT:script=math;language=dflt;+ssty=1;"
(fontspec)             - 'bold' (b/n) with NFSS spec.:
(fontspec)             <->s*[1.000096459334209]"[latinmodern-math.otf]/OT:scrip
t=math;language=dflt;"

LaTeX Font Info:    Encoding `OMS' has changed to `TU' for symbol font
(Font)              `symbols' in the math version `normal' on input line 96.
LaTeX Font Info:    Overwriting symbol font `symbols' in version `normal'
(Font)                  OMS/lmsy/m/n --> TU/latinmodern-math.otf(2)/m/n on inpu
t line 96.
LaTeX Font Info:    Encoding `OMS' has changed to `TU' for symbol font
(Font)              `symbols' in the math version `bold' on input line 96.
LaTeX Font Info:    Overwriting symbol font `symbols' in version `bold'
(Font)                  OMS/lmsy/b/n --> TU/latinmodern-math.otf(2)/b/n on inpu
t line 96.

Package fontspec Info: 
(fontspec)             latinmodern-math scale = 0.9999964596882403.


Package fontspec Info: 
(fontspec)             latinmodern-math scale = 0.9998964600422715.


Package fontspec Info: 
(fontspec)             latinmodern-math scale = 0.9999964596882403.


Package fontspec Info: 
(fontspec)             latinmodern-math scale = 0.9998964600422715.


Package fontspec Info: 
(fontspec)             latinmodern-math scale = 0.9999964596882403.


Package fontspec Info: 
(fontspec)             latinmodern-math scale = 0.9998964600422715.


Package fontspec Info: 
(fontspec)             latinmodern-math scale = 0.9999964596882403.


Package fontspec Info: 
(fontspec)             latinmodern-math scale = 0.9998964600422715.


Package fontspec Info: 
(fontspec)             latinmodern-math scale = 0.9999964596882403.


Package fontspec Info: 
(fontspec)             latinmodern-math scale = 0.9998964600422715.


Package fontspec Info: 
(fontspec)             Font family 'latinmodern-math.otf(3)' created for font
(fontspec)             'latinmodern-math.otf' with options
(fontspec)             [Scale=MatchLowercase,BoldItalicFont={},ItalicFont={},Sm
allCapsFont={},Script=Math,SizeFeatures={{Size=8.5-},{Size=6-8.5,Font=latinmode
rn-math.otf,Style=MathScript},{Size=-6,Font=latinmodern-math.otf,Style=MathScri
ptScript}},BoldFont={latinmodern-math.otf},ScaleAgain=0.9999,FontAdjustment={\f
ontdimen
(fontspec)             8\font =0.4pt\relax \fontdimen 9\font =2.0pt\relax
(fontspec)             \fontdimen 10\font =1.67pt\relax \fontdimen 11\font
(fontspec)             =1.11pt\relax \fontdimen 12\font =6.0pt\relax
(fontspec)             \fontdimen 13\font =0pt\relax }].
(fontspec)              
(fontspec)              This font family consists of the following NFSS
(fontspec)             series/shapes:
(fontspec)              
(fontspec)             - 'normal' (m/n) with NFSS spec.:
(fontspec)             <8.5->s*[0.9998964600422715]"[latinmodern-math.otf]/OT:s
cript=math;language=dflt;"<6-8.5>s*[0.9998964600422715]"[latinmodern-math.otf]/
OT:script=math;language=dflt;+ssty=0;"<-6>s*[0.9998964600422715]"[latinmodern-m
ath.otf]/OT:script=math;language=dflt;+ssty=1;"
(fontspec)             - 'bold' (b/n) with NFSS spec.:
(fontspec)             <->s*[0.9998964600422715]"[latinmodern-math.otf]/OT:scri
pt=math;language=dflt;"

LaTeX Font Info:    Encoding `OMX' has changed to `TU' for symbol font
(Font)              `largesymbols' in the math version `normal' on input line 9
6.
LaTeX Font Info:    Overwriting symbol font `largesymbols' in version `normal'
(Font)                  OMX/lmex/m/n --> TU/latinmodern-math.otf(3)/m/n on inpu
t line 96.
LaTeX Font Info:    Encoding `OMX' has changed to `TU' for symbol font
(Font)              `largesymbols' in the math version `bold' on input line 96.

LaTeX Font Info:    Overwriting symbol font `largesymbols' in version `bold'
(Font)                  OMX/lmex/m/n --> TU/latinmodern-math.otf(3)/b/n on inpu
t line 96.
LaTeX Info: Redefining \microtypecontext on input line 96.
Package microtype Info: Applying patch `item' on input line 96.
Package microtype Info: Applying patch `toc' on input line 96.
Package microtype Info: Applying patch `eqnum' on input line 96.
Package microtype Info: Applying patch `footnote' on input line 96.
Package microtype Info: Applying patch `verbatim' on input line 96.
LaTeX Info: Redefining \microtypesetup on input line 96.
Package microtype Info: Character protrusion enabled (level 2).
Package microtype Info: Using protrusion set `basicmath'.
Package microtype Info: No adjustment of tracking.
Package microtype Info: No adjustment of spacing.
Package microtype Info: No adjustment of kerning.

(d:/texlive/2025/texmf-dist/tex/latex/microtype/mt-LatinModernRoman.cfg
File: mt-LatinModernRoman.cfg 2021/02/21 v1.1 microtype config. file: Latin Mod
ern Roman (RS)
)
Package hyperref Info: Link coloring OFF on input line 96.

Missing character: There is no 前 (U+524D) in font [lmroman12-bold]:mapping=tex-
text;!
Missing character: There is no 言 (U+8A00) in font [lmroman12-bold]:mapping=tex-
text;!
Missing character: There is no 感 (U+611F) in font [lmroman10-regular]:mapping=t
ex-text;!
Missing character: There is no 觉 (U+89C9) in font [lmroman10-regular]:mapping=t
ex-text;!
Missing character: There is no 说 (U+8BF4) in font [lmroman10-regular]:mapping=t
ex-text;!
Missing character: There is no 的 (U+7684) in font [lmroman10-regular]:mapping=t
ex-text;!
Missing character: There is no 并 (U+5E76) in font [lmroman10-regular]:mapping=t
ex-text;!
Missing character: There is no 不 (U+4E0D) in font [lmroman10-regular]:mapping=t
ex-text;!
Missing character: There is no 通 (U+901A) in font [lmroman10-regular]:mapping=t
ex-text;!
Missing character: There is no 俗 (U+4FD7) in font [lmroman10-regular]:mapping=t
ex-text;!
Missing character: There is no 易 (U+6613) in font [lmroman10-regular]:mapping=t
ex-text;!
Missing character: There is no 懂 (U+61C2) in font [lmroman10-regular]:mapping=t
ex-text;!
Missing character: There is no 啊 (U+554A) in font [lmroman10-regular]:mapping=t
ex-text;!
Missing character: There is no 导 (U+5BFC) in font [lmroman10-regular]:mapping=t
ex-text;!
Missing character: There is no 致 (U+81F4) in font [lmroman10-regular]:mapping=t
ex-text;!
Missing character: There is no 它 (U+5B83) in font [lmroman10-regular]:mapping=t
ex-text;!
Missing character: There is no 式 (U+5F0F) in font [lmroman10-regular]:mapping=t
ex-text;!
Missing character: There is no 子 (U+5B50) in font [lmroman10-regular]:mapping=t
ex-text;!
Missing character: There is no 我 (U+6211) in font [lmroman10-regular]:mapping=t
ex-text;!
Missing character: There is no 还 (U+8FD8) in font [lmroman10-regular]:mapping=t
ex-text;!
Missing character: There is no 得 (U+5F97) in font [lmroman10-regular]:mapping=t
ex-text;!
Missing character: There is no 自 (U+81EA) in font [lmroman10-regular]:mapping=t
ex-text;!
Missing character: There is no 己 (U+5DF1) in font [lmroman10-regular]:mapping=t
ex-text;!
Missing character: There is no 手 (U+624B) in font [lmroman10-regular]:mapping=t
ex-text;!
Missing character: There is no 推 (U+63A8) in font [lmroman10-regular]:mapping=t
ex-text;!
Missing character: There is no 一 (U+4E00) in font [lmroman10-regular]:mapping=t
ex-text;!
Missing character: There is no 遍 (U+904D) in font [lmroman10-regular]:mapping=t
ex-text;!
Missing character: There is no 才 (U+624D) in font [lmroman10-regular]:mapping=t
ex-text;!
Missing character: There is no 能 (U+80FD) in font [lmroman10-regular]:mapping=t
ex-text;!
Missing character: There is no 理 (U+7406) in font [lmroman10-regular]:mapping=t
ex-text;!
Missing character: There is no 解 (U+89E3) in font [lmroman10-regular]:mapping=t
ex-text;!
Missing character: There is no 它 (U+5B83) in font [lmroman10-regular]:mapping=t
ex-text;!
Missing character: There is no 的 (U+7684) in font [lmroman10-regular]:mapping=t
ex-text;!
Missing character: There is no 原 (U+539F) in font [lmroman10-regular]:mapping=t
ex-text;!
Missing character: There is no 理 (U+7406) in font [lmroman10-regular]:mapping=t
ex-text;!
Missing character: There is no 。 (U+3002) in font [lmroman10-regular]:mapping=t
ex-text;!
Missing character: There is no 写 (U+5199) in font [lmroman10-regular]:mapping=t
ex-text;!
Missing character: There is no 一 (U+4E00) in font [lmroman10-regular]:mapping=t
ex-text;!
Missing character: There is no 篇 (U+7BC7) in font [lmroman10-regular]:mapping=t
ex-text;!
Missing character: There is no 面 (U+9762) in font [lmroman10-regular]:mapping=t
ex-text;!
Missing character: There is no 向 (U+5411) in font [lmroman10-regular]:mapping=t
ex-text;!
Missing character: There is no 普 (U+666E) in font [lmroman10-regular]:mapping=t
ex-text;!
Missing character: There is no 及 (U+53CA) in font [lmroman10-regular]:mapping=t
ex-text;!
Missing character: There is no 组 (U+7EC4) in font [lmroman10-regular]:mapping=t
ex-text;!
Missing character: There is no 选 (U+9009) in font [lmroman10-regular]:mapping=t
ex-text;!
Missing character: There is no 手 (U+624B) in font [lmroman10-regular]:mapping=t
ex-text;!
Missing character: There is no 的 (U+7684) in font [lmroman10-regular]:mapping=t
ex-text;!
Missing character: There is no 筛 (U+7B5B) in font [lmroman10-regular]:mapping=t
ex-text;!
Missing character: There is no 吧 (U+5427) in font [lmroman10-regular]:mapping=t
ex-text;!
Missing character: There is no ！ (U+FF01) in font [lmroman10-regular]:mapping=t
ex-text;!
Missing character: There is no （ (U+FF08) in font [lmroman10-regular]:mapping=t
ex-text;!
Missing character: There is no 不 (U+4E0D) in font [lmroman10-regular]:mapping=t
ex-text;!
Missing character: There is no 懂 (U+61C2) in font [lmroman10-regular]:mapping=t
ex-text;!
Missing character: There is no 或 (U+6216) in font [lmroman10-regular]:mapping=t
ex-text;!
Missing character: There is no 有 (U+6709) in font [lmroman10-regular]:mapping=t
ex-text;!
Missing character: There is no 误 (U+8BEF) in font [lmroman10-regular]:mapping=t
ex-text;!
Missing character: There is no 可 (U+53EF) in font [lmroman10-regular]:mapping=t
ex-text;!
Missing character: There is no 以 (U+4EE5) in font [lmroman10-regular]:mapping=t
ex-text;!
Missing character: There is no 指 (U+6307) in font [lmroman10-regular]:mapping=t
ex-text;!
Missing character: There is no 出 (U+51FA) in font [lmroman10-regular]:mapping=t
ex-text;!
Missing character: There is no 并 (U+5E76) in font [lmroman10-regular]:mapping=t
ex-text;!
Missing character: There is no 私 (U+79C1) in font [lmroman10-regular]:mapping=t
ex-text;!
Missing character: There is no 信 (U+4FE1) in font [lmroman10-regular]:mapping=t
ex-text;!
Missing character: There is no ， (U+FF0C) in font [lmroman10-regular]:mapping=t
ex-text;!
Missing character: There is no 必 (U+5FC5) in font [lmroman10-regular]:mapping=t
ex-text;!
Missing character: There is no 关 (U+5173) in font [lmroman10-regular]:mapping=t
ex-text;!
Missing character: There is no ） (U+FF09) in font [lmroman10-regular]:mapping=t
ex-text;!
Missing character: There is no 在 (U+5728) in font [lmroman10-regular]:mapping=t
ex-text;!
Missing character: There is no 学 (U+5B66) in font [lmroman10-regular]:mapping=t
ex-text;!
Missing character: There is no 之 (U+4E4B) in font [lmroman10-regular]:mapping=t
ex-text;!
Missing character: There is no 前 (U+524D) in font [lmroman10-regular]:mapping=t
ex-text;!
Missing character: There is no ， (U+FF0C) in font [lmroman10-regular]:mapping=t
ex-text;!
Missing character: There is no 先 (U+5148) in font [lmroman10-regular]:mapping=t
ex-text;!
Missing character: There is no 膜 (U+819C) in font [lmroman10-regular]:mapping=t
ex-text;!
Missing character: There is no 拜 (U+62DC) in font [lmroman10-regular]:mapping=t
ex-text;!
Missing character: There is no 大 (U+5927) in font [lmroman10-regular]:mapping=t
ex-text;!
Missing character: There is no 佬 (U+4F6C) in font [lmroman10-regular]:mapping=t
ex-text;!
Missing character: There is no ！ (U+FF01) in font [lmroman10-regular]:mapping=t
ex-text;!
Missing character: There is no ！ (U+FF01) in font [lmroman10-regular]:mapping=t
ex-text;!
Missing character: There is no ！ (U+FF01) in font [lmroman10-regular]:mapping=t
ex-text;!
Missing character: There is no 问 (U+95EE) in font [lmroman12-bold]:mapping=tex-
text;!
Missing character: There is no 题 (U+9898) in font [lmroman12-bold]:mapping=tex-
text;!
Missing character: There is no 首 (U+9996) in font [lmroman10-regular]:mapping=t
ex-text;!
Missing character: There is no 先 (U+5148) in font [lmroman10-regular]:mapping=t
ex-text;!
Missing character: There is no 抛 (U+629B) in font [lmroman10-regular]:mapping=t
ex-text;!
Missing character: There is no 出 (U+51FA) in font [lmroman10-regular]:mapping=t
ex-text;!
Missing character: There is no 一 (U+4E00) in font [lmroman10-regular]:mapping=t
ex-text;!
Missing character: There is no 个 (U+4E2A) in font [lmroman10-regular]:mapping=t
ex-text;!
Missing character: There is no 问 (U+95EE) in font [lmroman10-regular]:mapping=t
ex-text;!
Missing character: There is no 题 (U+9898) in font [lmroman10-regular]:mapping=t
ex-text;!
Missing character: There is no ： (U+FF1A) in font [lmroman10-regular]:mapping=t
ex-text;!
Missing character: There is no 给 (U+7ED9) in font [lmroman10-regular]:mapping=t
ex-text;!
Missing character: There is no 你 (U+4F60) in font [lmroman10-regular]:mapping=t
ex-text;!
Missing character: There is no 一 (U+4E00) in font [lmroman10-regular]:mapping=t
ex-text;!
Missing character: There is no 个 (U+4E2A) in font [lmroman10-regular]:mapping=t
ex-text;!
Missing character: There is no 积 (U+79EF) in font [lmroman10-bold]:mapping=tex-
text;!
Missing character: There is no 性 (U+6027) in font [lmroman10-bold]:mapping=tex-
text;!
Missing character: There is no 函 (U+51FD) in font [lmroman10-bold]:mapping=tex-
text;!
Missing character: There is no 数 (U+6570) in font [lmroman10-bold]:mapping=tex-
text;!
LaTeX Font Info:    Font shape `TU/latinmodern-math.otf(1)/m/n' will be
(Font)              scaled to size 7.0pt on input line 112.
LaTeX Font Info:    Font shape `TU/latinmodern-math.otf(1)/m/n' will be
(Font)              scaled to size 5.0pt on input line 112.
LaTeX Font Info:    Trying to load font information for OML+lmm on input line 1
12.
(d:/texlive/2025/texmf-dist/tex/latex/lm/omllmm.fd
File: omllmm.fd 2015/05/01 v1.6.1 Font defs for Latin Modern
)
LaTeX Font Info:    Font shape `TU/latinmodern-math.otf(2)/m/n' will be
(Font)              scaled to size 10.00092pt on input line 112.
LaTeX Font Info:    Font shape `TU/latinmodern-math.otf(2)/m/n' will be
(Font)              scaled to size 7.00064pt on input line 112.
LaTeX Font Info:    Font shape `TU/latinmodern-math.otf(2)/m/n' will be
(Font)              scaled to size 5.00046pt on input line 112.
LaTeX Font Info:    Font shape `TU/latinmodern-math.otf(3)/m/n' will be
(Font)              scaled to size 9.99893pt on input line 112.
LaTeX Font Info:    Font shape `TU/latinmodern-math.otf(3)/m/n' will be
(Font)              scaled to size 6.99925pt on input line 112.
LaTeX Font Info:    Font shape `TU/latinmodern-math.otf(3)/m/n' will be
(Font)              scaled to size 4.99947pt on input line 112.
LaTeX Font Info:    Trying to load font information for U+msa on input line 112
.

(d:/texlive/2025/texmf-dist/tex/latex/amsfonts/umsa.fd
File: umsa.fd 2013/01/14 v3.01 AMS symbols A
)
(d:/texlive/2025/texmf-dist/tex/latex/microtype/mt-msa.cfg
File: mt-msa.cfg 2006/02/04 v1.1 microtype config. file: AMS symbols (a) (RS)
)
LaTeX Font Info:    Trying to load font information for U+msb on input line 112
.

(d:/texlive/2025/texmf-dist/tex/latex/amsfonts/umsb.fd
File: umsb.fd 2013/01/14 v3.01 AMS symbols B
)
(d:/texlive/2025/texmf-dist/tex/latex/microtype/mt-msb.cfg
File: mt-msb.cfg 2005/06/01 v1.0 microtype config. file: AMS symbols (b) (RS)
)
Missing character: There is no ， (U+FF0C) in font [lmroman10-regular]:mapping=t
ex-text;!
Missing character: There is no 让 (U+8BA9) in font [lmroman10-regular]:mapping=t
ex-text;!
Missing character: There is no 你 (U+4F60) in font [lmroman10-regular]:mapping=t
ex-text;!
Missing character: There is no 求 (U+6C42) in font [lmroman10-regular]:mapping=t
ex-text;!
Missing character: There is no ， (U+FF0C) in font [lmroman10-regular]:mapping=t
ex-text;!
Missing character: There is no 也 (U+4E5F) in font [lmroman10-regular]:mapping=t
ex-text;!
Missing character: There is no 就 (U+5C31) in font [lmroman10-regular]:mapping=t
ex-text;!
Missing character: There is no 是 (U+662F) in font [lmroman10-regular]:mapping=t
ex-text;!
Missing character: There is no 的 (U+7684) in font [lmroman10-regular]:mapping=t
ex-text;!
Missing character: There is no 前 (U+524D) in font [lmroman10-regular]:mapping=t
ex-text;!
Missing character: There is no 缀 (U+7F00) in font [lmroman10-regular]:mapping=t
ex-text;!
Missing character: There is no 和 (U+548C) in font [lmroman10-regular]:mapping=t
ex-text;!
Missing character: There is no ， (U+FF0C) in font [lmroman10-regular]:mapping=t
ex-text;!
Missing character: There is no 怎 (U+600E) in font [lmroman10-regular]:mapping=t
ex-text;!
Missing character: There is no 么 (U+4E48) in font [lmroman10-regular]:mapping=t
ex-text;!
Missing character: There is no 做 (U+505A) in font [lmroman10-regular]:mapping=t
ex-text;!
Missing character: There is no ？ (U+FF1F) in font [lmroman10-regular]:mapping=t
ex-text;!
Missing character: There is no 杜 (U+675C) in font [lmroman10-regular]:mapping=t
ex-text;!
Missing character: There is no 教 (U+6559) in font [lmroman10-regular]:mapping=t
ex-text;!
Missing character: There is no 筛 (U+7B5B) in font [lmroman10-regular]:mapping=t
ex-text;!
Missing character: There is no 通 (U+901A) in font [lmroman10-regular]:mapping=t
ex-text;!
Missing character: There is no 过 (U+8FC7) in font [lmroman10-regular]:mapping=t
ex-text;!
Missing character: There is no 构 (U+6784) in font [lmroman10-regular]:mapping=t
ex-text;!
Missing character: There is no 造 (U+9020) in font [lmroman10-regular]:mapping=t
ex-text;!
Missing character: There is no 一 (U+4E00) in font [lmroman10-regular]:mapping=t
ex-text;!
Missing character: There is no 个 (U+4E2A) in font [lmroman10-regular]:mapping=t
ex-text;!
Missing character: There is no 函 (U+51FD) in font [lmroman10-regular]:mapping=t
ex-text;!
Missing character: There is no 数 (U+6570) in font [lmroman10-regular]:mapping=t
ex-text;!
Missing character: There is no 然 (U+7136) in font [lmroman10-regular]:mapping=t
ex-text;!
Missing character: There is no 后 (U+540E) in font [lmroman10-regular]:mapping=t
ex-text;!
Missing character: There is no 用 (U+7528) in font [lmroman10-regular]:mapping=t
ex-text;!
Missing character: There is no 卷 (U+5377) in font [lmroman10-regular]:mapping=t
ex-text;!
Missing character: There is no 积 (U+79EF) in font [lmroman10-regular]:mapping=t
ex-text;!
Missing character: There is no 式 (U+5F0F) in font [lmroman10-regular]:mapping=t
ex-text;!
Missing character: There is no 子 (U+5B50) in font [lmroman10-regular]:mapping=t
ex-text;!
Missing character: There is no 解 (U+89E3) in font [lmroman10-regular]:mapping=t
ex-text;!
Missing character: There is no 决 (U+51B3) in font [lmroman10-regular]:mapping=t
ex-text;!
Missing character: There is no 。 (U+3002) in font [lmroman10-regular]:mapping=t
ex-text;!
Missing character: There is no 复 (U+590D) in font [lmroman10-regular]:mapping=t
ex-text;!
Missing character: There is no 杂 (U+6742) in font [lmroman10-regular]:mapping=t
ex-text;!
Missing character: There is no 度 (U+5EA6) in font [lmroman10-regular]:mapping=t
ex-text;!
Missing character: There is no 是 (U+662F) in font [lmroman10-regular]:mapping=t
ex-text;!
Missing character: There is no 。 (U+3002) in font [lmroman10-regular]:mapping=t
ex-text;!
Missing character: There is no 而 (U+800C) in font [lmroman10-regular]:mapping=t
ex-text;!
Missing character: There is no 如 (U+5982) in font [lmroman10-regular]:mapping=t
ex-text;!
Missing character: There is no 果 (U+679C) in font [lmroman10-regular]:mapping=t
ex-text;!
Missing character: There is no （ (U+FF08) in font [lmroman10-regular]:mapping=t
ex-text;!
Missing character: There is no 为 (U+4E3A) in font [lmroman10-regular]:mapping=t
ex-text;!
Missing character: There is no 质 (U+8D28) in font [lmroman10-regular]:mapping=t
ex-text;!
Missing character: There is no 数 (U+6570) in font [lmroman10-regular]:mapping=t
ex-text;!
Missing character: There is no ） (U+FF09) in font [lmroman10-regular]:mapping=t
ex-text;!
Missing character: There is no 能 (U+80FD) in font [lmroman10-regular]:mapping=t
ex-text;!
Missing character: There is no 快 (U+5FEB) in font [lmroman10-regular]:mapping=t
ex-text;!
Missing character: There is no 速 (U+901F) in font [lmroman10-regular]:mapping=t
ex-text;!
Missing character: There is no 计 (U+8BA1) in font [lmroman10-regular]:mapping=t
ex-text;!
Missing character: There is no 算 (U+7B97) in font [lmroman10-regular]:mapping=t
ex-text;!
Missing character: There is no 并 (U+5E76) in font [lmroman10-regular]:mapping=t
ex-text;!
Missing character: There is no 表 (U+8868) in font [lmroman10-regular]:mapping=t
ex-text;!
Missing character: There is no 达 (U+8FBE) in font [lmroman10-regular]:mapping=t
ex-text;!
Missing character: There is no 成 (U+6210) in font [lmroman10-regular]:mapping=t
ex-text;!
Missing character: There is no 若 (U+82E5) in font [lmroman10-regular]:mapping=t
ex-text;!
Missing character: There is no 干 (U+5E72) in font [lmroman10-regular]:mapping=t
ex-text;!
Missing character: There is no 个 (U+4E2A) in font [lmroman10-regular]:mapping=t
ex-text;!
Missing character: There is no 完 (U+5B8C) in font [lmroman10-regular]:mapping=t
ex-text;!
Missing character: There is no 全 (U+5168) in font [lmroman10-regular]:mapping=t
ex-text;!
Missing character: There is no 积 (U+79EF) in font [lmroman10-regular]:mapping=t
ex-text;!
Missing character: There is no 性 (U+6027) in font [lmroman10-regular]:mapping=t
ex-text;!
Missing character: There is no 函 (U+51FD) in font [lmroman10-regular]:mapping=t
ex-text;!
Missing character: There is no 数 (U+6570) in font [lmroman10-regular]:mapping=t
ex-text;!
Missing character: There is no 的 (U+7684) in font [lmroman10-regular]:mapping=t
ex-text;!
Missing character: There is no 和 (U+548C) in font [lmroman10-regular]:mapping=t
ex-text;!
Missing character: There is no （ (U+FF08) in font [lmroman10-regular]:mapping=t
ex-text;!
Missing character: There is no 通 (U+901A) in font [lmroman10-regular]:mapping=t
ex-text;!
Missing character: There is no 常 (U+5E38) in font [lmroman10-regular]:mapping=t
ex-text;!
Missing character: There is no 为 (U+4E3A) in font [lmroman10-regular]:mapping=t
ex-text;!
Missing character: There is no 关 (U+5173) in font [lmroman10-regular]:mapping=t
ex-text;!
Missing character: There is no 于 (U+4E8E) in font [lmroman10-regular]:mapping=t
ex-text;!
Missing character: There is no 的 (U+7684) in font [lmroman10-regular]:mapping=t
ex-text;!
Missing character: There is no 多 (U+591A) in font [lmroman10-regular]:mapping=t
ex-text;!
Missing character: There is no 项 (U+9879) in font [lmroman10-regular]:mapping=t
ex-text;!
Missing character: There is no 式 (U+5F0F) in font [lmroman10-regular]:mapping=t
ex-text;!
Missing character: There is no ） (U+FF09) in font [lmroman10-regular]:mapping=t
ex-text;!
Missing character: There is no ， (U+FF0C) in font [lmroman10-regular]:mapping=t
ex-text;!
Missing character: There is no 且 (U+4E14) in font [lmroman10-regular]:mapping=t
ex-text;!
Missing character: There is no 也 (U+4E5F) in font [lmroman10-regular]:mapping=t
ex-text;!
Missing character: There is no 可 (U+53EF) in font [lmroman10-regular]:mapping=t
ex-text;!
Missing character: There is no 以 (U+4EE5) in font [lmroman10-regular]:mapping=t
ex-text;!
Missing character: There is no 快 (U+5FEB) in font [lmroman10-regular]:mapping=t
ex-text;!
Missing character: There is no 速 (U+901F) in font [lmroman10-regular]:mapping=t
ex-text;!
Missing character: There is no 计 (U+8BA1) in font [lmroman10-regular]:mapping=t
ex-text;!
Missing character: There is no 算 (U+7B97) in font [lmroman10-regular]:mapping=t
ex-text;!
Missing character: There is no 时 (U+65F6) in font [lmroman10-regular]:mapping=t
ex-text;!
Missing character: There is no ， (U+FF0C) in font [lmroman10-regular]:mapping=t
ex-text;!
Missing character: There is no 就 (U+5C31) in font [lmroman10-regular]:mapping=t
ex-text;!
Missing character: There is no 可 (U+53EF) in font [lmroman10-regular]:mapping=t
ex-text;!
Missing character: There is no 以 (U+4EE5) in font [lmroman10-regular]:mapping=t
ex-text;!
Missing character: There is no 使 (U+4F7F) in font [lmroman10-regular]:mapping=t
ex-text;!
Missing character: There is no 用 (U+7528) in font [lmroman10-regular]:mapping=t
ex-text;!
Missing character: There is no 筛 (U+7B5B) in font [lmroman10-regular]:mapping=t
ex-text;!
Missing character: There is no 。 (U+3002) in font [lmroman10-regular]:mapping=t
ex-text;!
Missing character: There is no 完 (U+5B8C) in font [lmroman10-regular]:mapping=t
ex-text;!
Missing character: There is no 全 (U+5168) in font [lmroman10-regular]:mapping=t
ex-text;!
Missing character: There is no 积 (U+79EF) in font [lmroman10-regular]:mapping=t
ex-text;!
Missing character: There is no 性 (U+6027) in font [lmroman10-regular]:mapping=t
ex-text;!
Missing character: There is no 函 (U+51FD) in font [lmroman10-regular]:mapping=t
ex-text;!
Missing character: There is no 数 (U+6570) in font [lmroman10-regular]:mapping=t
ex-text;!
Missing character: There is no 的 (U+7684) in font [lmroman10-regular]:mapping=t
ex-text;!
Missing character: There is no 定 (U+5B9A) in font [lmroman10-regular]:mapping=t
ex-text;!
Missing character: There is no 义 (U+4E49) in font [lmroman10-regular]:mapping=t
ex-text;!
Missing character: There is no 是 (U+662F) in font [lmroman10-regular]:mapping=t
ex-text;!
Missing character: There is no ， (U+FF0C) in font [lmroman10-regular]:mapping=t
ex-text;!
Missing character: There is no 注 (U+6CE8) in font [lmroman10-regular]:mapping=t
ex-text;!
Missing character: There is no 意 (U+610F) in font [lmroman10-regular]:mapping=t
ex-text;!
Missing character: There is no ， (U+FF0C) in font [lmroman10-regular]:mapping=t
ex-text;!
Missing character: There is no 不 (U+4E0D) in font [lmroman10-bold]:mapping=tex-
text;!
Missing character: There is no 需 (U+9700) in font [lmroman10-bold]:mapping=tex-
text;!
Missing character: There is no 要 (U+8981) in font [lmroman10-bold]:mapping=tex-
text;!
Missing character: There is no 互 (U+4E92) in font [lmroman10-bold]:mapping=tex-
text;!
Missing character: There is no 质 (U+8D28) in font [lmroman10-bold]:mapping=tex-
text;!
Missing character: There is no ！ (U+FF01) in font [lmroman10-regular]:mapping=t
ex-text;!
Missing character: There is no 辅 (U+8F85) in font [lmroman12-bold]:mapping=tex-
text;!
Missing character: There is no 助 (U+52A9) in font [lmroman12-bold]:mapping=tex-
text;!
Missing character: There is no 函 (U+51FD) in font [lmroman12-bold]:mapping=tex-
text;!
Missing character: There is no 数 (U+6570) in font [lmroman12-bold]:mapping=tex-
text;!
Missing character: There is no 我 (U+6211) in font [lmroman10-regular]:mapping=t
ex-text;!
Missing character: There is no 们 (U+4EEC) in font [lmroman10-regular]:mapping=t
ex-text;!
Missing character: There is no 先 (U+5148) in font [lmroman10-regular]:mapping=t
ex-text;!
Missing character: There is no 定 (U+5B9A) in font [lmroman10-regular]:mapping=t
ex-text;!
Missing character: There is no 义 (U+4E49) in font [lmroman10-regular]:mapping=t
ex-text;!
Missing character: There is no ， (U+FF0C) in font [lmroman10-regular]:mapping=t
ex-text;!
Missing character: There is no 为 (U+4E3A) in font [lmroman10-regular]:mapping=t
ex-text;!
Missing character: There is no 从 (U+4ECE) in font [lmroman10-regular]:mapping=t
ex-text;!
Missing character: There is no 到 (U+5230) in font [lmroman10-regular]:mapping=t
ex-text;!
Missing character: There is no 遍 (U+904D) in font [lmroman10-regular]:mapping=t
ex-text;!
Missing character: There is no 历 (U+5386) in font [lmroman10-regular]:mapping=t
ex-text;!
Missing character: There is no 整 (U+6574) in font [lmroman10-regular]:mapping=t
ex-text;!
Missing character: There is no 数 (U+6570) in font [lmroman10-regular]:mapping=t
ex-text;!
Missing character: There is no ， (U+FF0C) in font [lmroman10-regular]:mapping=t
ex-text;!
Missing character: There is no 对 (U+5BF9) in font [lmroman10-regular]:mapping=t
ex-text;!
Missing character: There is no 于 (U+4E8E) in font [lmroman10-regular]:mapping=t
ex-text;!
Missing character: There is no 所 (U+6240) in font [lmroman10-regular]:mapping=t
ex-text;!
Missing character: There is no 有 (U+6709) in font [lmroman10-regular]:mapping=t
ex-text;!
Missing character: There is no 满 (U+6EE1) in font [lmroman10-regular]:mapping=t
ex-text;!
Missing character: There is no 足 (U+8DB3) in font [lmroman10-regular]:mapping=t
ex-text;!
Missing character: There is no 以 (U+4EE5) in font [lmroman10-regular]:mapping=t
ex-text;!
Missing character: There is no 下 (U+4E0B) in font [lmroman10-regular]:mapping=t
ex-text;!
Missing character: There is no 条 (U+6761) in font [lmroman10-regular]:mapping=t
ex-text;!
Missing character: There is no 件 (U+4EF6) in font [lmroman10-regular]:mapping=t
ex-text;!
Missing character: There is no 的 (U+7684) in font [lmroman10-regular]:mapping=t
ex-text;!
Missing character: There is no 对 (U+5BF9) in font [lmroman10-regular]:mapping=t
ex-text;!
Missing character: There is no 求 (U+6C42) in font [lmroman10-regular]:mapping=t
ex-text;!
Missing character: There is no 和 (U+548C) in font [lmroman10-regular]:mapping=t
ex-text;!
Missing character: There is no 。 (U+3002) in font [lmroman10-regular]:mapping=t
ex-text;!
Missing character: There is no 条 (U+6761) in font [lmroman10-regular]:mapping=t
ex-text;!
Missing character: There is no 件 (U+4EF6) in font [lmroman10-regular]:mapping=t
ex-text;!
Missing character: There is no ： (U+FF1A) in font [lmroman10-regular]:mapping=t
ex-text;!
Missing character: There is no 的 (U+7684) in font [lmroman10-regular]:mapping=t
ex-text;!
Missing character: There is no 最 (U+6700) in font [lmroman10-regular]:mapping=t
ex-text;!
Missing character: There is no 小 (U+5C0F) in font [lmroman10-regular]:mapping=t
ex-text;!
Missing character: There is no 质 (U+8D28) in font [lmroman10-regular]:mapping=t
ex-text;!
Missing character: There is no 因 (U+56E0) in font [lmroman10-regular]:mapping=t
ex-text;!
Missing character: There is no 子 (U+5B50) in font [lmroman10-regular]:mapping=t
ex-text;!
Missing character: There is no 大 (U+5927) in font [lmroman10-regular]:mapping=t
ex-text;!
Missing character: There is no 于 (U+4E8E) in font [lmroman10-regular]:mapping=t
ex-text;!
Missing character: There is no 等 (U+7B49) in font [lmroman10-regular]:mapping=t
ex-text;!
Missing character: There is no 于 (U+4E8E) in font [lmroman10-regular]:mapping=t
ex-text;!
Missing character: There is no 第 (U+7B2C) in font [lmroman10-regular]:mapping=t
ex-text;!
Missing character: There is no 个 (U+4E2A) in font [lmroman10-regular]:mapping=t
ex-text;!
Missing character: There is no 质 (U+8D28) in font [lmroman10-regular]:mapping=t
ex-text;!
Missing character: There is no 数 (U+6570) in font [lmroman10-regular]:mapping=t
ex-text;!
Missing character: There is no 。 (U+3002) in font [lmroman10-regular]:mapping=t
ex-text;!
Missing character: There is no 用 (U+7528) in font [lmroman10-regular]:mapping=t
ex-text;!
Missing character: There is no 数 (U+6570) in font [lmroman10-regular]:mapping=t
ex-text;!
Missing character: There is no 学 (U+5B66) in font [lmroman10-regular]:mapping=t
ex-text;!
Missing character: There is no 语 (U+8BED) in font [lmroman10-regular]:mapping=t
ex-text;!
Missing character: There is no 言 (U+8A00) in font [lmroman10-regular]:mapping=t
ex-text;!
Missing character: There is no 表 (U+8868) in font [lmroman10-regular]:mapping=t
ex-text;!
Missing character: There is no 述 (U+8FF0) in font [lmroman10-regular]:mapping=t
ex-text;!
Missing character: There is no ， (U+FF0C) in font [lmroman10-regular]:mapping=t
ex-text;!
Missing character: There is no 就 (U+5C31) in font [lmroman10-regular]:mapping=t
ex-text;!
Missing character: There is no 是 (U+662F) in font [lmroman10-regular]:mapping=t
ex-text;!
Missing character: There is no ： (U+FF1A) in font [lmroman10-regular]:mapping=t
ex-text;!
Missing character: There is no 其 (U+5176) in font [lmroman10-regular]:mapping=t
ex-text;!
Missing character: There is no 中 (U+4E2D) in font [lmroman10-regular]:mapping=t
ex-text;!
Missing character: There is no 就 (U+5C31) in font [lmroman10-regular]:mapping=t
ex-text;!
Missing character: There is no 是 (U+662F) in font [lmroman10-regular]:mapping=t
ex-text;!
Missing character: There is no 的 (U+7684) in font [lmroman10-regular]:mapping=t
ex-text;!
Missing character: There is no 最 (U+6700) in font [lmroman10-regular]:mapping=t
ex-text;!
Missing character: There is no 小 (U+5C0F) in font [lmroman10-regular]:mapping=t
ex-text;!
Missing character: There is no 质 (U+8D28) in font [lmroman10-regular]:mapping=t
ex-text;!
Missing character: There is no 因 (U+56E0) in font [lmroman10-regular]:mapping=t
ex-text;!
Missing character: There is no 子 (U+5B50) in font [lmroman10-regular]:mapping=t
ex-text;!
Missing character: There is no ， (U+FF0C) in font [lmroman10-regular]:mapping=t
ex-text;!
Missing character: There is no 就 (U+5C31) in font [lmroman10-regular]:mapping=t
ex-text;!
Missing character: There is no 是 (U+662F) in font [lmroman10-regular]:mapping=t
ex-text;!
Missing character: There is no 第 (U+7B2C) in font [lmroman10-regular]:mapping=t
ex-text;!
Missing character: There is no 个 (U+4E2A) in font [lmroman10-regular]:mapping=t
ex-text;!
Missing character: There is no 质 (U+8D28) in font [lmroman10-regular]:mapping=t
ex-text;!
Missing character: There is no 数 (U+6570) in font [lmroman10-regular]:mapping=t
ex-text;!
Missing character: There is no 。 (U+3002) in font [lmroman10-regular]:mapping=t
ex-text;!
Missing character: There is no 用 (U+7528) in font [lmroman10-regular]:mapping=t
ex-text;!
Missing character: There is no 代 (U+4EE3) in font [lmroman10-regular]:mapping=t
ex-text;!
Missing character: There is no 码 (U+7801) in font [lmroman10-regular]:mapping=t
ex-text;!
Missing character: There is no 表 (U+8868) in font [lmroman10-regular]:mapping=t
ex-text;!
Missing character: There is no 述 (U+8FF0) in font [lmroman10-regular]:mapping=t
ex-text;!
Missing character: There is no ， (U+FF0C) in font [lmroman10-regular]:mapping=t
ex-text;!
Missing character: There is no 就 (U+5C31) in font [lmroman10-regular]:mapping=t
ex-text;!
Missing character: There is no 是 (U+662F) in font [lmroman10-regular]:mapping=t
ex-text;!
Missing character: There is no ： (U+FF1A) in font [lmroman10-regular]:mapping=t
ex-text;!
LaTeX Font Info:    Font shape `TU/lmtt/bx/n' in size <10> not available
(Font)              Font shape `TU/lmtt/b/n' tried instead on input line 141.
Missing character: There is no 边 (U+8FB9) in font [lmroman10-regular]:mapping=t
ex-text;!
Missing character: There is no 界 (U+754C) in font [lmroman10-regular]:mapping=t
ex-text;!
Missing character: There is no 就 (U+5C31) in font [lmroman10-regular]:mapping=t
ex-text;!
Missing character: There is no 是 (U+662F) in font [lmroman10-regular]:mapping=t
ex-text;!
Missing character: There is no 当 (U+5F53) in font [lmroman10-regular]:mapping=t
ex-text;!
Missing character: There is no 时 (U+65F6) in font [lmroman10-regular]:mapping=t
ex-text;!
Missing character: There is no 。 (U+3002) in font [lmroman10-regular]:mapping=t
ex-text;!
Missing character: There is no 转 (U+8F6C) in font [lmroman12-bold]:mapping=tex-
text;!
Missing character: There is no 化 (U+5316) in font [lmroman12-bold]:mapping=tex-
text;!
Missing character: There is no 求 (U+6C42) in font [lmroman10-regular]:mapping=t
ex-text;!
Missing character: There is no 这 (U+8FD9) in font [lmroman10-regular]:mapping=t
ex-text;!
Missing character: There is no 个 (U+4E2A) in font [lmroman10-regular]:mapping=t
ex-text;!
Missing character: There is no 奇 (U+5947) in font [lmroman10-regular]:mapping=t
ex-text;!
Missing character: There is no 怪 (U+602A) in font [lmroman10-regular]:mapping=t
ex-text;!
Missing character: There is no 的 (U+7684) in font [lmroman10-regular]:mapping=t
ex-text;!
Missing character: There is no 东 (U+4E1C) in font [lmroman10-regular]:mapping=t
ex-text;!
Missing character: There is no 西 (U+897F) in font [lmroman10-regular]:mapping=t
ex-text;!
Missing character: There is no 有 (U+6709) in font [lmroman10-regular]:mapping=t
ex-text;!
Missing character: There is no 什 (U+4EC0) in font [lmroman10-regular]:mapping=t
ex-text;!
Missing character: There is no 么 (U+4E48) in font [lmroman10-regular]:mapping=t
ex-text;!
Missing character: There is no 用 (U+7528) in font [lmroman10-regular]:mapping=t
ex-text;!
Missing character: There is no ？ (U+FF1F) in font [lmroman10-regular]:mapping=t
ex-text;!
Missing character: There is no 先 (U+5148) in font [lmroman10-regular]:mapping=t
ex-text;!
Missing character: There is no 不 (U+4E0D) in font [lmroman10-regular]:mapping=t
ex-text;!
Missing character: There is no 管 (U+7BA1) in font [lmroman10-regular]:mapping=t
ex-text;!
Missing character: There is no ， (U+FF0C) in font [lmroman10-regular]:mapping=t
ex-text;!
Missing character: There is no 看 (U+770B) in font [lmroman10-regular]:mapping=t
ex-text;!
Missing character: There is no 看 (U+770B) in font [lmroman10-regular]:mapping=t
ex-text;!
Missing character: There is no 怎 (U+600E) in font [lmroman10-regular]:mapping=t
ex-text;!
Missing character: There is no 么 (U+4E48) in font [lmroman10-regular]:mapping=t
ex-text;!
Missing character: There is no 求 (U+6C42) in font [lmroman10-regular]:mapping=t
ex-text;!
Missing character: There is no 。 (U+3002) in font [lmroman10-regular]:mapping=t
ex-text;!
Missing character: There is no 首 (U+9996) in font [lmroman10-regular]:mapping=t
ex-text;!
Missing character: There is no 先 (U+5148) in font [lmroman10-regular]:mapping=t
ex-text;!
Missing character: There is no ， (U+FF0C) in font [lmroman10-regular]:mapping=t
ex-text;!
Missing character: There is no 我 (U+6211) in font [lmroman10-regular]:mapping=t
ex-text;!
Missing character: There is no 们 (U+4EEC) in font [lmroman10-regular]:mapping=t
ex-text;!
Missing character: There is no 发 (U+53D1) in font [lmroman10-regular]:mapping=t
ex-text;!
Missing character: There is no 现 (U+73B0) in font [lmroman10-regular]:mapping=t
ex-text;!
Missing character: There is no ， (U+FF0C) in font [lmroman10-regular]:mapping=t
ex-text;!
Missing character: There is no 只 (U+53EA) in font [lmroman10-regular]:mapping=t
ex-text;!
Missing character: There is no 有 (U+6709) in font [lmroman10-regular]:mapping=t
ex-text;!
Missing character: There is no 时 (U+65F6) in font [lmroman10-regular]:mapping=t
ex-text;!
Missing character: There is no ， (U+FF0C) in font [lmroman10-regular]:mapping=t
ex-text;!
Missing character: There is no 才 (U+624D) in font [lmroman10-regular]:mapping=t
ex-text;!
Missing character: There is no 对 (U+5BF9) in font [lmroman10-regular]:mapping=t
ex-text;!
Missing character: There is no 产 (U+4EA7) in font [lmroman10-regular]:mapping=t
ex-text;!
Missing character: There is no 生 (U+751F) in font [lmroman10-regular]:mapping=t
ex-text;!
Missing character: There is no 贡 (U+8D21) in font [lmroman10-regular]:mapping=t
ex-text;!
Missing character: There is no 献 (U+732E) in font [lmroman10-regular]:mapping=t
ex-text;!
Missing character: There is no ， (U+FF0C) in font [lmroman10-regular]:mapping=t
ex-text;!
Missing character: There is no 所 (U+6240) in font [lmroman10-regular]:mapping=t
ex-text;!
Missing character: There is no 以 (U+4EE5) in font [lmroman10-regular]:mapping=t
ex-text;!
Missing character: There is no 我 (U+6211) in font [lmroman10-regular]:mapping=t
ex-text;!
Missing character: There is no 们 (U+4EEC) in font [lmroman10-regular]:mapping=t
ex-text;!
Missing character: There is no 枚 (U+679A) in font [lmroman10-regular]:mapping=t
ex-text;!
Missing character: There is no 举 (U+4E3E) in font [lmroman10-regular]:mapping=t
ex-text;!
Missing character: There is no 大 (U+5927) in font [lmroman10-regular]:mapping=t
ex-text;!
Missing character: There is no 于 (U+4E8E) in font [lmroman10-regular]:mapping=t
ex-text;!
Missing character: There is no 等 (U+7B49) in font [lmroman10-regular]:mapping=t
ex-text;!
Missing character: There is no 于 (U+4E8E) in font [lmroman10-regular]:mapping=t
ex-text;!
Missing character: There is no 的 (U+7684) in font [lmroman10-regular]:mapping=t
ex-text;!
Missing character: There is no 所 (U+6240) in font [lmroman10-regular]:mapping=t
ex-text;!
Missing character: There is no 有 (U+6709) in font [lmroman10-regular]:mapping=t
ex-text;!
Missing character: There is no 质 (U+8D28) in font [lmroman10-regular]:mapping=t
ex-text;!
Missing character: There is no 数 (U+6570) in font [lmroman10-regular]:mapping=t
ex-text;!
Missing character: There is no 作 (U+4F5C) in font [lmroman10-regular]:mapping=t
ex-text;!
Missing character: There is no 为 (U+4E3A) in font [lmroman10-regular]:mapping=t
ex-text;!
Missing character: There is no 的 (U+7684) in font [lmroman10-regular]:mapping=t
ex-text;!
Missing character: There is no 最 (U+6700) in font [lmroman10-regular]:mapping=t
ex-text;!
Missing character: There is no 小 (U+5C0F) in font [lmroman10-regular]:mapping=t
ex-text;!
Missing character: There is no 质 (U+8D28) in font [lmroman10-regular]:mapping=t
ex-text;!
Missing character: There is no 因 (U+56E0) in font [lmroman10-regular]:mapping=t
ex-text;!
Missing character: There is no 子 (U+5B50) in font [lmroman10-regular]:mapping=t
ex-text;!
Missing character: There is no 。 (U+3002) in font [lmroman10-regular]:mapping=t
ex-text;!
Missing character: There is no 具 (U+5177) in font [lmroman10-regular]:mapping=t
ex-text;!
Missing character: There is no 体 (U+4F53) in font [lmroman10-regular]:mapping=t
ex-text;!
Missing character: There is no 怎 (U+600E) in font [lmroman10-regular]:mapping=t
ex-text;!
Missing character: There is no 么 (U+4E48) in font [lmroman10-regular]:mapping=t
ex-text;!
Missing character: There is no 枚 (U+679A) in font [lmroman10-regular]:mapping=t
ex-text;!
Missing character: There is no 举 (U+4E3E) in font [lmroman10-regular]:mapping=t
ex-text;!
Missing character: There is no 呢 (U+5462) in font [lmroman10-regular]:mapping=t
ex-text;!
Missing character: There is no ？ (U+FF1F) in font [lmroman10-regular]:mapping=t
ex-text;!
Missing character: There is no 对 (U+5BF9) in font [lmroman10-regular]:mapping=t
ex-text;!
Missing character: There is no 于 (U+4E8E) in font [lmroman10-regular]:mapping=t
ex-text;!
Missing character: There is no 每 (U+6BCF) in font [lmroman10-regular]:mapping=t
ex-text;!
Missing character: There is no 一 (U+4E00) in font [lmroman10-regular]:mapping=t
ex-text;!
Missing character: There is no 个 (U+4E2A) in font [lmroman10-regular]:mapping=t
ex-text;!
Missing character: There is no ， (U+FF0C) in font [lmroman10-regular]:mapping=t
ex-text;!
Missing character: There is no 考 (U+8003) in font [lmroman10-regular]:mapping=t
ex-text;!
Missing character: There is no 虑 (U+8651) in font [lmroman10-regular]:mapping=t
ex-text;!
Missing character: There is no ， (U+FF0C) in font [lmroman10-regular]:mapping=t
ex-text;!
Missing character: There is no 那 (U+90A3) in font [lmroman10-regular]:mapping=t
ex-text;!
Missing character: There is no 么 (U+4E48) in font [lmroman10-regular]:mapping=t
ex-text;!
Missing character: There is no 就 (U+5C31) in font [lmroman10-regular]:mapping=t
ex-text;!
Missing character: There is no 有 (U+6709) in font [lmroman10-regular]:mapping=t
ex-text;!
Missing character: There is no 两 (U+4E24) in font [lmroman10-regular]:mapping=t
ex-text;!
Missing character: There is no 种 (U+79CD) in font [lmroman10-regular]:mapping=t
ex-text;!
Missing character: There is no 情 (U+60C5) in font [lmroman10-regular]:mapping=t
ex-text;!
Missing character: There is no 况 (U+51B5) in font [lmroman10-regular]:mapping=t
ex-text;!
Missing character: There is no ： (U+FF1A) in font [lmroman10-regular]:mapping=t
ex-text;!


[1

]
Missing character: There is no 在 (U+5728) in font [lmroman10-regular]:mapping=t
ex-text;!
Missing character: There is no 中 (U+4E2D) in font [lmroman10-regular]:mapping=t
ex-text;!
Missing character: There is no 的 (U+7684) in font [lmroman10-regular]:mapping=t
ex-text;!
Missing character: There is no 次 (U+6B21) in font [lmroman10-regular]:mapping=t
ex-text;!
Missing character: There is no 数 (U+6570) in font [lmroman10-regular]:mapping=t
ex-text;!
Missing character: There is no 等 (U+7B49) in font [lmroman10-regular]:mapping=t
ex-text;!
Missing character: There is no 于 (U+4E8E) in font [lmroman10-regular]:mapping=t
ex-text;!
Missing character: There is no ， (U+FF0C) in font [lmroman10-regular]:mapping=t
ex-text;!
Missing character: There is no 也 (U+4E5F) in font [lmroman10-regular]:mapping=t
ex-text;!
Missing character: There is no 就 (U+5C31) in font [lmroman10-regular]:mapping=t
ex-text;!
Missing character: There is no 是 (U+662F) in font [lmroman10-regular]:mapping=t
ex-text;!
Missing character: There is no 说 (U+8BF4) in font [lmroman10-regular]:mapping=t
ex-text;!
Missing character: There is no ， (U+FF0C) in font [lmroman10-regular]:mapping=t
ex-text;!
Missing character: There is no 因 (U+56E0) in font [lmroman10-regular]:mapping=t
ex-text;!
Missing character: There is no 数 (U+6570) in font [lmroman10-regular]:mapping=t
ex-text;!
Missing character: There is no 分 (U+5206) in font [lmroman10-regular]:mapping=t
ex-text;!
Missing character: There is no 解 (U+89E3) in font [lmroman10-regular]:mapping=t
ex-text;!
Missing character: There is no 后 (U+540E) in font [lmroman10-regular]:mapping=t
ex-text;!
Missing character: There is no 为 (U+4E3A) in font [lmroman10-regular]:mapping=t
ex-text;!
Missing character: There is no ， (U+FF0C) in font [lmroman10-regular]:mapping=t
ex-text;!
Missing character: There is no 则 (U+5219) in font [lmroman10-regular]:mapping=t
ex-text;!
Missing character: There is no 。 (U+3002) in font [lmroman10-regular]:mapping=t
ex-text;!
Missing character: There is no 在 (U+5728) in font [lmroman10-regular]:mapping=t
ex-text;!
Missing character: There is no 中 (U+4E2D) in font [lmroman10-regular]:mapping=t
ex-text;!
Missing character: There is no 的 (U+7684) in font [lmroman10-regular]:mapping=t
ex-text;!
Missing character: There is no 次 (U+6B21) in font [lmroman10-regular]:mapping=t
ex-text;!
Missing character: There is no 数 (U+6570) in font [lmroman10-regular]:mapping=t
ex-text;!
Missing character: There is no 大 (U+5927) in font [lmroman10-regular]:mapping=t
ex-text;!
Missing character: There is no 于 (U+4E8E) in font [lmroman10-regular]:mapping=t
ex-text;!
Missing character: There is no ， (U+FF0C) in font [lmroman10-regular]:mapping=t
ex-text;!
Missing character: There is no 同 (U+540C) in font [lmroman10-regular]:mapping=t
ex-text;!
Missing character: There is no 理 (U+7406) in font [lmroman10-regular]:mapping=t
ex-text;!
Missing character: There is no ， (U+FF0C) in font [lmroman10-regular]:mapping=t
ex-text;!
Missing character: There is no 。 (U+3002) in font [lmroman10-regular]:mapping=t
ex-text;!
Missing character: There is no 第 (U+7B2C) in font [lmroman10-bold]:mapping=tex-
text;!
Missing character: There is no 一 (U+4E00) in font [lmroman10-bold]:mapping=tex-
text;!
Missing character: There is no 种 (U+79CD) in font [lmroman10-bold]:mapping=tex-
text;!
Missing character: There is no 情 (U+60C5) in font [lmroman10-bold]:mapping=tex-
text;!
Missing character: There is no 况 (U+51B5) in font [lmroman10-bold]:mapping=tex-
text;!
Missing character: There is no 对 (U+5BF9) in font [lmroman10-regular]:mapping=t
ex-text;!
Missing character: There is no 于 (U+4E8E) in font [lmroman10-regular]:mapping=t
ex-text;!
Missing character: There is no 所 (U+6240) in font [lmroman10-regular]:mapping=t
ex-text;!
Missing character: There is no 有 (U+6709) in font [lmroman10-regular]:mapping=t
ex-text;!
Missing character: There is no 满 (U+6EE1) in font [lmroman10-regular]:mapping=t
ex-text;!
Missing character: There is no 足 (U+8DB3) in font [lmroman10-regular]:mapping=t
ex-text;!
Missing character: There is no 第 (U+7B2C) in font [lmroman10-regular]:mapping=t
ex-text;!
Missing character: There is no 一 (U+4E00) in font [lmroman10-regular]:mapping=t
ex-text;!
Missing character: There is no 种 (U+79CD) in font [lmroman10-regular]:mapping=t
ex-text;!
Missing character: There is no 情 (U+60C5) in font [lmroman10-regular]:mapping=t
ex-text;!
Missing character: There is no 况 (U+51B5) in font [lmroman10-regular]:mapping=t
ex-text;!
Missing character: There is no 的 (U+7684) in font [lmroman10-regular]:mapping=t
ex-text;!
Missing character: There is no ， (U+FF0C) in font [lmroman10-regular]:mapping=t
ex-text;!
Missing character: There is no 它 (U+5B83) in font [lmroman10-regular]:mapping=t
ex-text;!
Missing character: There is no 们 (U+4EEC) in font [lmroman10-regular]:mapping=t
ex-text;!
Missing character: There is no 的 (U+7684) in font [lmroman10-regular]:mapping=t
ex-text;!
Missing character: There is no 总 (U+603B) in font [lmroman10-regular]:mapping=t
ex-text;!
Missing character: There is no 贡 (U+8D21) in font [lmroman10-regular]:mapping=t
ex-text;!
Missing character: There is no 献 (U+732E) in font [lmroman10-regular]:mapping=t
ex-text;!
Missing character: There is no 就 (U+5C31) in font [lmroman10-regular]:mapping=t
ex-text;!
Missing character: There is no 是 (U+662F) in font [lmroman10-regular]:mapping=t
ex-text;!
Missing character: There is no 为 (U+4E3A) in font [lmroman10-regular]:mapping=t
ex-text;!
Missing character: There is no 啥 (U+5565) in font [lmroman10-regular]:mapping=t
ex-text;!
Missing character: There is no 得 (U+5F97) in font [lmroman10-regular]:mapping=t
ex-text;!
Missing character: There is no 到 (U+5230) in font [lmroman10-regular]:mapping=t
ex-text;!
Missing character: There is no 这 (U+8FD9) in font [lmroman10-regular]:mapping=t
ex-text;!
Missing character: There is no 个 (U+4E2A) in font [lmroman10-regular]:mapping=t
ex-text;!
Missing character: There is no 式 (U+5F0F) in font [lmroman10-regular]:mapping=t
ex-text;!
Missing character: There is no 子 (U+5B50) in font [lmroman10-regular]:mapping=t
ex-text;!
Missing character: There is no 呢 (U+5462) in font [lmroman10-regular]:mapping=t
ex-text;!
Missing character: There is no ？ (U+FF1F) in font [lmroman10-regular]:mapping=t
ex-text;!
Missing character: There is no 首 (U+9996) in font [lmroman10-regular]:mapping=t
ex-text;!
Missing character: There is no 先 (U+5148) in font [lmroman10-regular]:mapping=t
ex-text;!
Missing character: There is no 因 (U+56E0) in font [lmroman10-regular]:mapping=t
ex-text;!
Missing character: There is no 为 (U+4E3A) in font [lmroman10-regular]:mapping=t
ex-text;!
Missing character: There is no 是 (U+662F) in font [lmroman10-regular]:mapping=t
ex-text;!
Missing character: There is no 的 (U+7684) in font [lmroman10-regular]:mapping=t
ex-text;!
Missing character: There is no 倍 (U+500D) in font [lmroman10-regular]:mapping=t
ex-text;!
Missing character: There is no 数 (U+6570) in font [lmroman10-regular]:mapping=t
ex-text;!
Missing character: There is no ， (U+FF0C) in font [lmroman10-regular]:mapping=t
ex-text;!
Missing character: There is no 所 (U+6240) in font [lmroman10-regular]:mapping=t
ex-text;!
Missing character: There is no 以 (U+4EE5) in font [lmroman10-regular]:mapping=t
ex-text;!
Missing character: There is no 我 (U+6211) in font [lmroman10-regular]:mapping=t
ex-text;!
Missing character: There is no 们 (U+4EEC) in font [lmroman10-regular]:mapping=t
ex-text;!
Missing character: There is no 按 (U+6309) in font [lmroman10-regular]:mapping=t
ex-text;!
Missing character: There is no 照 (U+7167) in font [lmroman10-regular]:mapping=t
ex-text;!
Missing character: There is no 学 (U+5B66) in font [lmroman10-regular]:mapping=t
ex-text;!
Missing character: There is no 莫 (U+83AB) in font [lmroman10-regular]:mapping=t
ex-text;!
Missing character: There is no 反 (U+53CD) in font [lmroman10-regular]:mapping=t
ex-text;!
Missing character: There is no 时 (U+65F6) in font [lmroman10-regular]:mapping=t
ex-text;!
Missing character: There is no 推 (U+63A8) in font [lmroman10-regular]:mapping=t
ex-text;!
Missing character: There is no 式 (U+5F0F) in font [lmroman10-regular]:mapping=t
ex-text;!
Missing character: There is no 子 (U+5B50) in font [lmroman10-regular]:mapping=t
ex-text;!
Missing character: There is no 的 (U+7684) in font [lmroman10-regular]:mapping=t
ex-text;!
Missing character: There is no 原 (U+539F) in font [lmroman10-regular]:mapping=t
ex-text;!
Missing character: There is no 理 (U+7406) in font [lmroman10-regular]:mapping=t
ex-text;!
Missing character: There is no ， (U+FF0C) in font [lmroman10-regular]:mapping=t
ex-text;!
Missing character: There is no 转 (U+8F6C) in font [lmroman10-regular]:mapping=t
ex-text;!
Missing character: There is no 而 (U+800C) in font [lmroman10-regular]:mapping=t
ex-text;!
Missing character: There is no 去 (U+53BB) in font [lmroman10-regular]:mapping=t
ex-text;!
Missing character: There is no 枚 (U+679A) in font [lmroman10-regular]:mapping=t
ex-text;!
Missing character: There is no 举 (U+4E3E) in font [lmroman10-regular]:mapping=t
ex-text;!
Missing character: There is no 。 (U+3002) in font [lmroman10-regular]:mapping=t
ex-text;!
Missing character: There is no 然 (U+7136) in font [lmroman10-regular]:mapping=t
ex-text;!
Missing character: There is no 后 (U+540E) in font [lmroman10-regular]:mapping=t
ex-text;!
Missing character: There is no 因 (U+56E0) in font [lmroman10-regular]:mapping=t
ex-text;!
Missing character: There is no 为 (U+4E3A) in font [lmroman10-regular]:mapping=t
ex-text;!
Missing character: There is no 是 (U+662F) in font [lmroman10-regular]:mapping=t
ex-text;!
Missing character: There is no 的 (U+7684) in font [lmroman10-regular]:mapping=t
ex-text;!
Missing character: There is no 最 (U+6700) in font [lmroman10-regular]:mapping=t
ex-text;!
Missing character: There is no 小 (U+5C0F) in font [lmroman10-regular]:mapping=t
ex-text;!
Missing character: There is no 质 (U+8D28) in font [lmroman10-regular]:mapping=t
ex-text;!
Missing character: There is no 因 (U+56E0) in font [lmroman10-regular]:mapping=t
ex-text;!
Missing character: There is no 子 (U+5B50) in font [lmroman10-regular]:mapping=t
ex-text;!
Missing character: There is no ， (U+FF0C) in font [lmroman10-regular]:mapping=t
ex-text;!
Missing character: There is no 所 (U+6240) in font [lmroman10-regular]:mapping=t
ex-text;!
Missing character: There is no 以 (U+4EE5) in font [lmroman10-regular]:mapping=t
ex-text;!
Missing character: There is no 的 (U+7684) in font [lmroman10-regular]:mapping=t
ex-text;!
Missing character: There is no 最 (U+6700) in font [lmroman10-regular]:mapping=t
ex-text;!
Missing character: There is no 小 (U+5C0F) in font [lmroman10-regular]:mapping=t
ex-text;!
Missing character: There is no 素 (U+7D20) in font [lmroman10-regular]:mapping=t
ex-text;!
Missing character: There is no 因 (U+56E0) in font [lmroman10-regular]:mapping=t
ex-text;!
Missing character: There is no 子 (U+5B50) in font [lmroman10-regular]:mapping=t
ex-text;!
Missing character: There is no 一 (U+4E00) in font [lmroman10-regular]:mapping=t
ex-text;!
Missing character: There is no 定 (U+5B9A) in font [lmroman10-regular]:mapping=t
ex-text;!
Missing character: There is no 大 (U+5927) in font [lmroman10-regular]:mapping=t
ex-text;!
Missing character: There is no 于 (U+4E8E) in font [lmroman10-regular]:mapping=t
ex-text;!
Missing character: There is no ， (U+FF0C) in font [lmroman10-regular]:mapping=t
ex-text;!
Missing character: There is no 或 (U+6216) in font [lmroman10-regular]:mapping=t
ex-text;!
Missing character: There is no 。 (U+3002) in font [lmroman10-regular]:mapping=t
ex-text;!
Missing character: There is no 所 (U+6240) in font [lmroman10-regular]:mapping=t
ex-text;!
Missing character: There is no 以 (U+4EE5) in font [lmroman10-regular]:mapping=t
ex-text;!
Missing character: There is no 这 (U+8FD9) in font [lmroman10-regular]:mapping=t
ex-text;!
Missing character: There is no 个 (U+4E2A) in font [lmroman10-regular]:mapping=t
ex-text;!
Missing character: There is no 式 (U+5F0F) in font [lmroman10-regular]:mapping=t
ex-text;!
Missing character: There is no 子 (U+5B50) in font [lmroman10-regular]:mapping=t
ex-text;!
Missing character: There is no 的 (U+7684) in font [lmroman10-regular]:mapping=t
ex-text;!
Missing character: There is no 前 (U+524D) in font [lmroman10-regular]:mapping=t
ex-text;!
Missing character: There is no 半 (U+534A) in font [lmroman10-regular]:mapping=t
ex-text;!
Missing character: There is no 部 (U+90E8) in font [lmroman10-regular]:mapping=t
ex-text;!
Missing character: There is no 分 (U+5206) in font [lmroman10-regular]:mapping=t
ex-text;!
Missing character: There is no 处 (U+5904) in font [lmroman10-regular]:mapping=t
ex-text;!
Missing character: There is no 理 (U+7406) in font [lmroman10-regular]:mapping=t
ex-text;!
Missing character: There is no 的 (U+7684) in font [lmroman10-regular]:mapping=t
ex-text;!
Missing character: There is no 是 (U+662F) in font [lmroman10-regular]:mapping=t
ex-text;!
Missing character: There is no 的 (U+7684) in font [lmroman10-regular]:mapping=t
ex-text;!
Missing character: There is no 情 (U+60C5) in font [lmroman10-regular]:mapping=t
ex-text;!
Missing character: There is no 况 (U+51B5) in font [lmroman10-regular]:mapping=t
ex-text;!
Missing character: There is no ， (U+FF0C) in font [lmroman10-regular]:mapping=t
ex-text;!
Missing character: There is no 就 (U+5C31) in font [lmroman10-regular]:mapping=t
ex-text;!
Missing character: There is no 是 (U+662F) in font [lmroman10-regular]:mapping=t
ex-text;!
Missing character: There is no 。 (U+3002) in font [lmroman10-regular]:mapping=t
ex-text;!
Missing character: There is no （ (U+FF08) in font [lmroman10-regular]:mapping=t
ex-text;!
Missing character: There is no 此 (U+6B64) in font [lmroman10-regular]:mapping=t
ex-text;!
Missing character: There is no 时 (U+65F6) in font [lmroman10-regular]:mapping=t
ex-text;!
Missing character: There is no ） (U+FF09) in font [lmroman10-regular]:mapping=t
ex-text;!
Missing character: There is no 时 (U+65F6) in font [lmroman10-regular]:mapping=t
ex-text;!
Missing character: There is no ， (U+FF0C) in font [lmroman10-regular]:mapping=t
ex-text;!
Missing character: There is no 前 (U+524D) in font [lmroman10-regular]:mapping=t
ex-text;!
Missing character: There is no 面 (U+9762) in font [lmroman10-regular]:mapping=t
ex-text;!
Missing character: There is no 说 (U+8BF4) in font [lmroman10-regular]:mapping=t
ex-text;!
Missing character: There is no 过 (U+8FC7) in font [lmroman10-regular]:mapping=t
ex-text;!
Missing character: There is no 的 (U+7684) in font [lmroman10-regular]:mapping=t
ex-text;!
Missing character: There is no 最 (U+6700) in font [lmroman10-regular]:mapping=t
ex-text;!
Missing character: There is no 小 (U+5C0F) in font [lmroman10-regular]:mapping=t
ex-text;!
Missing character: There is no 素 (U+7D20) in font [lmroman10-regular]:mapping=t
ex-text;!
Missing character: There is no 因 (U+56E0) in font [lmroman10-regular]:mapping=t
ex-text;!
Missing character: There is no 子 (U+5B50) in font [lmroman10-regular]:mapping=t
ex-text;!
Missing character: There is no 一 (U+4E00) in font [lmroman10-regular]:mapping=t
ex-text;!
Missing character: There is no 定 (U+5B9A) in font [lmroman10-regular]:mapping=t
ex-text;!
Missing character: There is no 大 (U+5927) in font [lmroman10-regular]:mapping=t
ex-text;!
Missing character: There is no 于 (U+4E8E) in font [lmroman10-regular]:mapping=t
ex-text;!
Missing character: There is no ， (U+FF0C) in font [lmroman10-regular]:mapping=t
ex-text;!
Missing character: There is no 即 (U+5373) in font [lmroman10-regular]:mapping=t
ex-text;!
Missing character: There is no 大 (U+5927) in font [lmroman10-regular]:mapping=t
ex-text;!
Missing character: There is no 于 (U+4E8E) in font [lmroman10-regular]:mapping=t
ex-text;!
Missing character: There is no 等 (U+7B49) in font [lmroman10-regular]:mapping=t
ex-text;!
Missing character: There is no 于 (U+4E8E) in font [lmroman10-regular]:mapping=t
ex-text;!
Missing character: There is no 。 (U+3002) in font [lmroman10-regular]:mapping=t
ex-text;!
Missing character: There is no 所 (U+6240) in font [lmroman10-regular]:mapping=t
ex-text;!
Missing character: There is no 以 (U+4EE5) in font [lmroman10-regular]:mapping=t
ex-text;!
Missing character: There is no 时 (U+65F6) in font [lmroman10-regular]:mapping=t
ex-text;!
Missing character: There is no ， (U+FF0C) in font [lmroman10-regular]:mapping=t
ex-text;!
Missing character: There is no ， (U+FF0C) in font [lmroman10-regular]:mapping=t
ex-text;!
Missing character: There is no 也 (U+4E5F) in font [lmroman10-regular]:mapping=t
ex-text;!
Missing character: There is no 就 (U+5C31) in font [lmroman10-regular]:mapping=t
ex-text;!
Missing character: There is no 是 (U+662F) in font [lmroman10-regular]:mapping=t
ex-text;!
Missing character: There is no ， (U+FF0C) in font [lmroman10-regular]:mapping=t
ex-text;!
Missing character: There is no 才 (U+624D) in font [lmroman10-regular]:mapping=t
ex-text;!
Missing character: There is no 对 (U+5BF9) in font [lmroman10-regular]:mapping=t
ex-text;!
Missing character: There is no 答 (U+7B54) in font [lmroman10-regular]:mapping=t
ex-text;!
Missing character: There is no 案 (U+6848) in font [lmroman10-regular]:mapping=t
ex-text;!
Missing character: There is no 构 (U+6784) in font [lmroman10-regular]:mapping=t
ex-text;!
Missing character: There is no 成 (U+6210) in font [lmroman10-regular]:mapping=t
ex-text;!
Missing character: There is no 贡 (U+8D21) in font [lmroman10-regular]:mapping=t
ex-text;!
Missing character: There is no 献 (U+732E) in font [lmroman10-regular]:mapping=t
ex-text;!
Missing character: There is no 。 (U+3002) in font [lmroman10-regular]:mapping=t
ex-text;!
Missing character: There is no 又 (U+53C8) in font [lmroman10-regular]:mapping=t
ex-text;!
Missing character: There is no 因 (U+56E0) in font [lmroman10-regular]:mapping=t
ex-text;!
Missing character: There is no 为 (U+4E3A) in font [lmroman10-regular]:mapping=t
ex-text;!
Missing character: There is no 在 (U+5728) in font [lmroman10-regular]:mapping=t
ex-text;!
Missing character: There is no 中 (U+4E2D) in font [lmroman10-regular]:mapping=t
ex-text;!
Missing character: There is no 的 (U+7684) in font [lmroman10-regular]:mapping=t
ex-text;!
Missing character: There is no 次 (U+6B21) in font [lmroman10-regular]:mapping=t
ex-text;!
Missing character: There is no 数 (U+6570) in font [lmroman10-regular]:mapping=t
ex-text;!
Missing character: There is no 等 (U+7B49) in font [lmroman10-regular]:mapping=t
ex-text;!
Missing character: There is no 于 (U+4E8E) in font [lmroman10-regular]:mapping=t
ex-text;!
Missing character: There is no ， (U+FF0C) in font [lmroman10-regular]:mapping=t
ex-text;!
Missing character: There is no 所 (U+6240) in font [lmroman10-regular]:mapping=t
ex-text;!
Missing character: There is no 以 (U+4EE5) in font [lmroman10-regular]:mapping=t
ex-text;!
Missing character: There is no ， (U+FF0C) in font [lmroman10-regular]:mapping=t
ex-text;!
Missing character: There is no 又 (U+53C8) in font [lmroman10-regular]:mapping=t
ex-text;!
Missing character: There is no 因 (U+56E0) in font [lmroman10-regular]:mapping=t
ex-text;!
Missing character: There is no 为 (U+4E3A) in font [lmroman10-regular]:mapping=t
ex-text;!
Missing character: There is no 积 (U+79EF) in font [lmroman10-regular]:mapping=t
ex-text;!
Missing character: There is no 性 (U+6027) in font [lmroman10-regular]:mapping=t
ex-text;!
Missing character: There is no ， (U+FF0C) in font [lmroman10-regular]:mapping=t
ex-text;!
Missing character: There is no 所 (U+6240) in font [lmroman10-regular]:mapping=t
ex-text;!
Missing character: There is no 以 (U+4EE5) in font [lmroman10-regular]:mapping=t
ex-text;!
Missing character: There is no 。 (U+3002) in font [lmroman10-regular]:mapping=t
ex-text;!
Missing character: There is no 所 (U+6240) in font [lmroman10-regular]:mapping=t
ex-text;!
Missing character: There is no 以 (U+4EE5) in font [lmroman10-regular]:mapping=t
ex-text;!
Missing character: There is no 原 (U+539F) in font [lmroman10-regular]:mapping=t
ex-text;!
Missing character: There is no 式 (U+5F0F) in font [lmroman10-regular]:mapping=t
ex-text;!
Missing character: There is no 变 (U+53D8) in font [lmroman10-regular]:mapping=t
ex-text;!
Missing character: There is no 为 (U+4E3A) in font [lmroman10-regular]:mapping=t
ex-text;!
Missing character: There is no ： (U+FF1A) in font [lmroman10-regular]:mapping=t
ex-text;!
Missing character: There is no 根 (U+6839) in font [lmroman10-regular]:mapping=t
ex-text;!
Missing character: There is no 据 (U+636E) in font [lmroman10-regular]:mapping=t
ex-text;!
Missing character: There is no 的 (U+7684) in font [lmroman10-regular]:mapping=t
ex-text;!
Missing character: There is no 定 (U+5B9A) in font [lmroman10-regular]:mapping=t
ex-text;!
Missing character: There is no 义 (U+4E49) in font [lmroman10-regular]:mapping=t
ex-text;!
Missing character: There is no ， (U+FF0C) in font [lmroman10-regular]:mapping=t
ex-text;!
Missing character: There is no 就 (U+5C31) in font [lmroman10-regular]:mapping=t
ex-text;!
Missing character: There is no 可 (U+53EF) in font [lmroman10-regular]:mapping=t
ex-text;!
Missing character: There is no 以 (U+4EE5) in font [lmroman10-regular]:mapping=t
ex-text;!
Missing character: There is no 写 (U+5199) in font [lmroman10-regular]:mapping=t
ex-text;!
Missing character: There is no 成 (U+6210) in font [lmroman10-regular]:mapping=t
ex-text;!
Missing character: There is no ： (U+FF1A) in font [lmroman10-regular]:mapping=t
ex-text;!
Missing character: There is no 注 (U+6CE8) in font [lmroman10-bold]:mapping=tex-
text;!
Missing character: There is no 意 (U+610F) in font [lmroman10-bold]:mapping=tex-
text;!
Missing character: There is no ！ (U+FF01) in font [lmroman10-bold]:mapping=tex-
text;!
Missing character: There is no 下 (U+4E0B) in font [lmroman10-bold]:mapping=tex-
text;!
Missing character: There is no 面 (U+9762) in font [lmroman10-bold]:mapping=tex-
text;!
Missing character: There is no 是 (U+662F) in font [lmroman10-bold]:mapping=tex-
text;!
Missing character: There is no 关 (U+5173) in font [lmroman10-bold]:mapping=tex-
text;!
Missing character: There is no 键 (U+952E) in font [lmroman10-bold]:mapping=tex-
text;!
Missing character: There is no 点 (U+70B9) in font [lmroman10-bold]:mapping=tex-
text;!
Missing character: There is no ！ (U+FF01) in font [lmroman10-bold]:mapping=tex-
text;!
Missing character: There is no 对 (U+5BF9) in font [lmroman10-regular]:mapping=t
ex-text;!
Missing character: There is no 于 (U+4E8E) in font [lmroman10-regular]:mapping=t
ex-text;!
Missing character: There is no 前 (U+524D) in font [lmroman10-regular]:mapping=t
ex-text;!
Missing character: There is no 面 (U+9762) in font [lmroman10-regular]:mapping=t
ex-text;!
Missing character: There is no 的 (U+7684) in font [lmroman10-regular]:mapping=t
ex-text;!
Missing character: There is no 一 (U+4E00) in font [lmroman10-regular]:mapping=t
ex-text;!
Missing character: There is no 项 (U+9879) in font [lmroman10-regular]:mapping=t
ex-text;!
Missing character: There is no 即 (U+5373) in font [lmroman10-regular]:mapping=t
ex-text;!
Missing character: There is no 可 (U+53EF) in font [lmroman10-regular]:mapping=t
ex-text;!
Missing character: There is no ， (U+FF0C) in font [lmroman10-regular]:mapping=t
ex-text;!
Missing character: There is no 但 (U+4F46) in font [lmroman10-regular]:mapping=t
ex-text;!
Missing character: There is no 对 (U+5BF9) in font [lmroman10-regular]:mapping=t
ex-text;!
Missing character: There is no 于 (U+4E8E) in font [lmroman10-regular]:mapping=t
ex-text;!
Missing character: There is no 后 (U+540E) in font [lmroman10-regular]:mapping=t
ex-text;!
Missing character: There is no 面 (U+9762) in font [lmroman10-regular]:mapping=t
ex-text;!
Missing character: There is no 一 (U+4E00) in font [lmroman10-regular]:mapping=t
ex-text;!
Missing character: There is no 项 (U+9879) in font [lmroman10-regular]:mapping=t
ex-text;!
Missing character: There is no ， (U+FF0C) in font [lmroman10-regular]:mapping=t
ex-text;!
Missing character: There is no 必 (U+5FC5) in font [lmroman10-regular]:mapping=t
ex-text;!
Missing character: There is no 须 (U+987B) in font [lmroman10-regular]:mapping=t
ex-text;!
Missing character: There is no ， (U+FF0C) in font [lmroman10-regular]:mapping=t
ex-text;!
Missing character: There is no 即 (U+5373) in font [lmroman10-regular]:mapping=t
ex-text;!
Missing character: There is no ， (U+FF0C) in font [lmroman10-regular]:mapping=t
ex-text;!
Missing character: There is no 也 (U+4E5F) in font [lmroman10-regular]:mapping=t
ex-text;!
Missing character: There is no 就 (U+5C31) in font [lmroman10-regular]:mapping=t
ex-text;!
Missing character: There is no 是 (U+662F) in font [lmroman10-regular]:mapping=t
ex-text;!
Missing character: There is no 说 (U+8BF4) in font [lmroman10-regular]:mapping=t
ex-text;!
Missing character: There is no ， (U+FF0C) in font [lmroman10-regular]:mapping=t
ex-text;!
Missing character: There is no 当 (U+5F53) in font [lmroman10-regular]:mapping=t
ex-text;!
Missing character: There is no 时 (U+65F6) in font [lmroman10-regular]:mapping=t
ex-text;!
Missing character: There is no ， (U+FF0C) in font [lmroman10-regular]:mapping=t
ex-text;!
Missing character: There is no 后 (U+540E) in font [lmroman10-regular]:mapping=t
ex-text;!
Missing character: There is no 面 (U+9762) in font [lmroman10-regular]:mapping=t
ex-text;!
Missing character: There is no 那 (U+90A3) in font [lmroman10-regular]:mapping=t
ex-text;!
Missing character: There is no 一 (U+4E00) in font [lmroman10-regular]:mapping=t
ex-text;!
Missing character: There is no 项 (U+9879) in font [lmroman10-regular]:mapping=t
ex-text;!
Missing character: There is no 就 (U+5C31) in font [lmroman10-regular]:mapping=t
ex-text;!
Missing character: There is no 是 (U+662F) in font [lmroman10-regular]:mapping=t
ex-text;!
Missing character: There is no 无 (U+65E0) in font [lmroman10-regular]:mapping=t
ex-text;!
Missing character: There is no 用 (U+7528) in font [lmroman10-regular]:mapping=t
ex-text;!
Missing character: There is no 的 (U+7684) in font [lmroman10-regular]:mapping=t
ex-text;!
Missing character: There is no 。 (U+3002) in font [lmroman10-regular]:mapping=t
ex-text;!
Missing character: There is no 因 (U+56E0) in font [lmroman10-regular]:mapping=t
ex-text;!
Missing character: There is no 为 (U+4E3A) in font [lmroman10-regular]:mapping=t
ex-text;!
Missing character: There is no 后 (U+540E) in font [lmroman10-regular]:mapping=t
ex-text;!
Missing character: There is no 面 (U+9762) in font [lmroman10-regular]:mapping=t
ex-text;!
Missing character: There is no 那 (U+90A3) in font [lmroman10-regular]:mapping=t
ex-text;!
Missing character: There is no 一 (U+4E00) in font [lmroman10-regular]:mapping=t
ex-text;!
Missing character: There is no 项 (U+9879) in font [lmroman10-regular]:mapping=t
ex-text;!
Missing character: There is no 我 (U+6211) in font [lmroman10-regular]:mapping=t
ex-text;!
Missing character: There is no 们 (U+4EEC) in font [lmroman10-regular]:mapping=t
ex-text;!
Missing character: There is no 要 (U+8981) in font [lmroman10-regular]:mapping=t
ex-text;!
Missing character: There is no 求 (U+6C42) in font [lmroman10-regular]:mapping=t
ex-text;!
Missing character: There is no ， (U+FF0C) in font [lmroman10-regular]:mapping=t
ex-text;!
Missing character: There is no 又 (U+53C8) in font [lmroman10-regular]:mapping=t
ex-text;!
Missing character: There is no 为 (U+4E3A) in font [lmroman10-regular]:mapping=t
ex-text;!
Missing character: There is no 的 (U+7684) in font [lmroman10-regular]:mapping=t
ex-text;!
Missing character: There is no 最 (U+6700) in font [lmroman10-bold]:mapping=tex-
text;!
Missing character: There is no 小 (U+5C0F) in font [lmroman10-bold]:mapping=tex-
text;!
Missing character: There is no 素 (U+7D20) in font [lmroman10-regular]:mapping=t
ex-text;!
Missing character: There is no 因 (U+56E0) in font [lmroman10-regular]:mapping=t
ex-text;!
Missing character: There is no 子 (U+5B50) in font [lmroman10-regular]:mapping=t
ex-text;!
Missing character: There is no ， (U+FF0C) in font [lmroman10-regular]:mapping=t
ex-text;!
Missing character: There is no 所 (U+6240) in font [lmroman10-regular]:mapping=t
ex-text;!
Missing character: There is no 以 (U+4EE5) in font [lmroman10-regular]:mapping=t
ex-text;!
Missing character: There is no 必 (U+5FC5) in font [lmroman10-regular]:mapping=t
ex-text;!
Missing character: There is no 有 (U+6709) in font [lmroman10-regular]:mapping=t
ex-text;!
Missing character: There is no 。 (U+3002) in font [lmroman10-regular]:mapping=t
ex-text;!
Missing character: There is no 第 (U+7B2C) in font [lmroman10-bold]:mapping=tex-
text;!
Missing character: There is no 二 (U+4E8C) in font [lmroman10-bold]:mapping=tex-
text;!
Missing character: There is no 种 (U+79CD) in font [lmroman10-bold]:mapping=tex-
text;!
Missing character: There is no 情 (U+60C5) in font [lmroman10-bold]:mapping=tex-
text;!
Missing character: There is no 况 (U+51B5) in font [lmroman10-bold]:mapping=tex-
text;!
Missing character: There is no 对 (U+5BF9) in font [lmroman10-regular]:mapping=t
ex-text;!
Missing character: There is no 于 (U+4E8E) in font [lmroman10-regular]:mapping=t
ex-text;!
Missing character: There is no 所 (U+6240) in font [lmroman10-regular]:mapping=t
ex-text;!
Missing character: There is no 有 (U+6709) in font [lmroman10-regular]:mapping=t
ex-text;!
Missing character: There is no 满 (U+6EE1) in font [lmroman10-regular]:mapping=t
ex-text;!
Missing character: There is no 足 (U+8DB3) in font [lmroman10-regular]:mapping=t
ex-text;!
Missing character: There is no 第 (U+7B2C) in font [lmroman10-regular]:mapping=t
ex-text;!
Missing character: There is no 一 (U+4E00) in font [lmroman10-regular]:mapping=t
ex-text;!
Missing character: There is no 种 (U+79CD) in font [lmroman10-regular]:mapping=t
ex-text;!
Missing character: There is no 情 (U+60C5) in font [lmroman10-regular]:mapping=t
ex-text;!
Missing character: There is no 况 (U+51B5) in font [lmroman10-regular]:mapping=t
ex-text;!
Missing character: There is no 的 (U+7684) in font [lmroman10-regular]:mapping=t
ex-text;!
Missing character: There is no ， (U+FF0C) in font [lmroman10-regular]:mapping=t
ex-text;!
Missing character: There is no 它 (U+5B83) in font [lmroman10-regular]:mapping=t
ex-text;!
Missing character: There is no 们 (U+4EEC) in font [lmroman10-regular]:mapping=t
ex-text;!
Missing character: There is no 的 (U+7684) in font [lmroman10-regular]:mapping=t
ex-text;!
Missing character: There is no 总 (U+603B) in font [lmroman10-regular]:mapping=t
ex-text;!
Missing character: There is no 贡 (U+8D21) in font [lmroman10-regular]:mapping=t
ex-text;!
Missing character: There is no 献 (U+732E) in font [lmroman10-regular]:mapping=t
ex-text;!
Missing character: There is no 就 (U+5C31) in font [lmroman10-regular]:mapping=t
ex-text;!
Missing character: There is no 是 (U+662F) in font [lmroman10-regular]:mapping=t
ex-text;!
Missing character: There is no 我 (U+6211) in font [lmroman10-regular]:mapping=t
ex-text;!
Missing character: There is no 们 (U+4EEC) in font [lmroman10-regular]:mapping=t
ex-text;!
Missing character: There is no 枚 (U+679A) in font [lmroman10-regular]:mapping=t
ex-text;!
Missing character: There is no 举 (U+4E3E) in font [lmroman10-regular]:mapping=t
ex-text;!
Missing character: There is no 作 (U+4F5C) in font [lmroman10-regular]:mapping=t
ex-text;!
Missing character: There is no 为 (U+4E3A) in font [lmroman10-regular]:mapping=t
ex-text;!
Missing character: There is no 在 (U+5728) in font [lmroman10-regular]:mapping=t
ex-text;!
Missing character: There is no 中 (U+4E2D) in font [lmroman10-regular]:mapping=t
ex-text;!
Missing character: There is no 的 (U+7684) in font [lmroman10-regular]:mapping=t
ex-text;!
Missing character: There is no 出 (U+51FA) in font [lmroman10-regular]:mapping=t
ex-text;!
Missing character: There is no 现 (U+73B0) in font [lmroman10-regular]:mapping=t
ex-text;!
Missing character: There is no 次 (U+6B21) in font [lmroman10-regular]:mapping=t
ex-text;!
Missing character: There is no 数 (U+6570) in font [lmroman10-regular]:mapping=t
ex-text;!
Missing character: There is no 。 (U+3002) in font [lmroman10-regular]:mapping=t
ex-text;!
Missing character: There is no 其 (U+5176) in font [lmroman10-regular]:mapping=t
ex-text;!
Missing character: There is no 余 (U+4F59) in font [lmroman10-regular]:mapping=t
ex-text;!
Missing character: There is no 和 (U+548C) in font [lmroman10-regular]:mapping=t
ex-text;!
Missing character: There is no 第 (U+7B2C) in font [lmroman10-regular]:mapping=t
ex-text;!
Missing character: There is no 一 (U+4E00) in font [lmroman10-regular]:mapping=t
ex-text;!
Missing character: There is no 种 (U+79CD) in font [lmroman10-regular]:mapping=t
ex-text;!
Missing character: There is no 情 (U+60C5) in font [lmroman10-regular]:mapping=t
ex-text;!
Missing character: There is no 况 (U+51B5) in font [lmroman10-regular]:mapping=t
ex-text;!
Missing character: There is no 类 (U+7C7B) in font [lmroman10-regular]:mapping=t
ex-text;!
Missing character: There is no 似 (U+4F3C) in font [lmroman10-regular]:mapping=t
ex-text;!
Missing character: There is no ， (U+FF0C) in font [lmroman10-regular]:mapping=t
ex-text;!
Missing character: There is no 也 (U+4E5F) in font [lmroman10-regular]:mapping=t
ex-text;!
Missing character: There is no 是 (U+662F) in font [lmroman10-regular]:mapping=t
ex-text;!
Missing character: There is no 枚 (U+679A) in font [lmroman10-regular]:mapping=t
ex-text;!
Missing character: There is no 举 (U+4E3E) in font [lmroman10-regular]:mapping=t
ex-text;!
Missing character: There is no 。 (U+3002) in font [lmroman10-regular]:mapping=t
ex-text;!
Missing character: There is no 然 (U+7136) in font [lmroman10-regular]:mapping=t
ex-text;!
Missing character: There is no 后 (U+540E) in font [lmroman10-regular]:mapping=t
ex-text;!
Missing character: There is no 因 (U+56E0) in font [lmroman10-regular]:mapping=t
ex-text;!
Missing character: There is no 为 (U+4E3A) in font [lmroman10-regular]:mapping=t
ex-text;!
Missing character: There is no 是 (U+662F) in font [lmroman10-regular]:mapping=t
ex-text;!
Missing character: There is no 的 (U+7684) in font [lmroman10-regular]:mapping=t
ex-text;!
Missing character: There is no 最 (U+6700) in font [lmroman10-regular]:mapping=t
ex-text;!
Missing character: There is no 小 (U+5C0F) in font [lmroman10-regular]:mapping=t
ex-text;!
Missing character: There is no 质 (U+8D28) in font [lmroman10-regular]:mapping=t
ex-text;!
Missing character: There is no 因 (U+56E0) in font [lmroman10-regular]:mapping=t
ex-text;!
Missing character: There is no 子 (U+5B50) in font [lmroman10-regular]:mapping=t
ex-text;!
Missing character: There is no ， (U+FF0C) in font [lmroman10-regular]:mapping=t
ex-text;!
Missing character: There is no 所 (U+6240) in font [lmroman10-regular]:mapping=t
ex-text;!
Missing character: There is no 以 (U+4EE5) in font [lmroman10-regular]:mapping=t
ex-text;!
Missing character: There is no 的 (U+7684) in font [lmroman10-regular]:mapping=t
ex-text;!
Missing character: There is no 最 (U+6700) in font [lmroman10-regular]:mapping=t
ex-text;!
Missing character: There is no 小 (U+5C0F) in font [lmroman10-regular]:mapping=t
ex-text;!
Missing character: There is no 素 (U+7D20) in font [lmroman10-regular]:mapping=t
ex-text;!
Missing character: There is no 因 (U+56E0) in font [lmroman10-regular]:mapping=t
ex-text;!
Missing character: There is no 子 (U+5B50) in font [lmroman10-regular]:mapping=t
ex-text;!
Missing character: There is no 一 (U+4E00) in font [lmroman10-regular]:mapping=t
ex-text;!
Missing character: There is no 定 (U+5B9A) in font [lmroman10-regular]:mapping=t
ex-text;!
Missing character: There is no 大 (U+5927) in font [lmroman10-regular]:mapping=t
ex-text;!
Missing character: There is no 于 (U+4E8E) in font [lmroman10-regular]:mapping=t
ex-text;!
Missing character: There is no ， (U+FF0C) in font [lmroman10-regular]:mapping=t
ex-text;!
Missing character: There is no 或 (U+6216) in font [lmroman10-regular]:mapping=t
ex-text;!
Missing character: There is no 。 (U+3002) in font [lmroman10-regular]:mapping=t
ex-text;!
Missing character: There is no 所 (U+6240) in font [lmroman10-regular]:mapping=t
ex-text;!
Missing character: There is no 以 (U+4EE5) in font [lmroman10-regular]:mapping=t
ex-text;!
Missing character: There is no 这 (U+8FD9) in font [lmroman10-regular]:mapping=t
ex-text;!
Missing character: There is no 个 (U+4E2A) in font [lmroman10-regular]:mapping=t
ex-text;!
Missing character: There is no 式 (U+5F0F) in font [lmroman10-regular]:mapping=t
ex-text;!
Missing character: There is no 子 (U+5B50) in font [lmroman10-regular]:mapping=t
ex-text;!
Missing character: There is no 的 (U+7684) in font [lmroman10-regular]:mapping=t
ex-text;!
Missing character: There is no 前 (U+524D) in font [lmroman10-regular]:mapping=t
ex-text;!
Missing character: There is no 半 (U+534A) in font [lmroman10-regular]:mapping=t
ex-text;!
Missing character: There is no 部 (U+90E8) in font [lmroman10-regular]:mapping=t
ex-text;!
Missing character: There is no 分 (U+5206) in font [lmroman10-regular]:mapping=t
ex-text;!
Missing character: There is no 处 (U+5904) in font [lmroman10-regular]:mapping=t
ex-text;!
Missing character: There is no 理 (U+7406) in font [lmroman10-regular]:mapping=t
ex-text;!
Missing character: There is no 的 (U+7684) in font [lmroman10-regular]:mapping=t
ex-text;!
Missing character: There is no 是 (U+662F) in font [lmroman10-regular]:mapping=t
ex-text;!
Missing character: There is no 的 (U+7684) in font [lmroman10-regular]:mapping=t
ex-text;!
Missing character: There is no 情 (U+60C5) in font [lmroman10-regular]:mapping=t
ex-text;!
Missing character: There is no 况 (U+51B5) in font [lmroman10-regular]:mapping=t
ex-text;!
Missing character: There is no ， (U+FF0C) in font [lmroman10-regular]:mapping=t
ex-text;!
Missing character: There is no 就 (U+5C31) in font [lmroman10-regular]:mapping=t
ex-text;!
Missing character: There is no 是 (U+662F) in font [lmroman10-regular]:mapping=t
ex-text;!
Missing character: There is no 。 (U+3002) in font [lmroman10-regular]:mapping=t
ex-text;!
Missing character: There is no （ (U+FF08) in font [lmroman10-regular]:mapping=t
ex-text;!
Missing character: There is no 此 (U+6B64) in font [lmroman10-regular]:mapping=t
ex-text;!
Missing character: There is no 时 (U+65F6) in font [lmroman10-regular]:mapping=t
ex-text;!
Missing character: There is no ） (U+FF09) in font [lmroman10-regular]:mapping=t
ex-text;!
Missing character: There is no 时 (U+65F6) in font [lmroman10-regular]:mapping=t
ex-text;!
Missing character: There is no ， (U+FF0C) in font [lmroman10-regular]:mapping=t
ex-text;!
Missing character: There is no 前 (U+524D) in font [lmroman10-regular]:mapping=t
ex-text;!
Missing character: There is no 面 (U+9762) in font [lmroman10-regular]:mapping=t
ex-text;!
Missing character: There is no 说 (U+8BF4) in font [lmroman10-regular]:mapping=t
ex-text;!
Missing character: There is no 过 (U+8FC7) in font [lmroman10-regular]:mapping=t
ex-text;!
Missing character: There is no 的 (U+7684) in font [lmroman10-regular]:mapping=t
ex-text;!
Missing character: There is no 最 (U+6700) in font [lmroman10-regular]:mapping=t
ex-text;!
Missing character: There is no 小 (U+5C0F) in font [lmroman10-regular]:mapping=t
ex-text;!
Missing character: There is no 素 (U+7D20) in font [lmroman10-regular]:mapping=t
ex-text;!
Missing character: There is no 因 (U+56E0) in font [lmroman10-regular]:mapping=t
ex-text;!
Missing character: There is no 子 (U+5B50) in font [lmroman10-regular]:mapping=t
ex-text;!
Missing character: There is no 一 (U+4E00) in font [lmroman10-regular]:mapping=t
ex-text;!
Missing character: There is no 定 (U+5B9A) in font [lmroman10-regular]:mapping=t
ex-text;!
Missing character: There is no 大 (U+5927) in font [lmroman10-regular]:mapping=t
ex-text;!
Missing character: There is no 于 (U+4E8E) in font [lmroman10-regular]:mapping=t
ex-text;!
Missing character: There is no ， (U+FF0C) in font [lmroman10-regular]:mapping=t
ex-text;!
Missing character: There is no 即 (U+5373) in font [lmroman10-regular]:mapping=t
ex-text;!
Missing character: There is no 大 (U+5927) in font [lmroman10-regular]:mapping=t
ex-text;!
Missing character: There is no 于 (U+4E8E) in font [lmroman10-regular]:mapping=t
ex-text;!
Missing character: There is no 等 (U+7B49) in font [lmroman10-regular]:mapping=t
ex-text;!
Missing character: There is no 于 (U+4E8E) in font [lmroman10-regular]:mapping=t
ex-text;!
Missing character: There is no 。 (U+3002) in font [lmroman10-regular]:mapping=t
ex-text;!
Missing character: There is no 所 (U+6240) in font [lmroman10-regular]:mapping=t
ex-text;!
Missing character: There is no 以 (U+4EE5) in font [lmroman10-regular]:mapping=t
ex-text;!
Missing character: There is no 时 (U+65F6) in font [lmroman10-regular]:mapping=t
ex-text;!
Missing character: There is no ， (U+FF0C) in font [lmroman10-regular]:mapping=t
ex-text;!
Missing character: There is no ， (U+FF0C) in font [lmroman10-regular]:mapping=t
ex-text;!
Missing character: There is no 也 (U+4E5F) in font [lmroman10-regular]:mapping=t
ex-text;!
Missing character: There is no 就 (U+5C31) in font [lmroman10-regular]:mapping=t
ex-text;!
Missing character: There is no 是 (U+662F) in font [lmroman10-regular]:mapping=t
ex-text;!
Missing character: There is no ， (U+FF0C) in font [lmroman10-regular]:mapping=t
ex-text;!
Missing character: There is no 才 (U+624D) in font [lmroman10-regular]:mapping=t
ex-text;!
Missing character: There is no 对 (U+5BF9) in font [lmroman10-regular]:mapping=t
ex-text;!
Missing character: There is no 答 (U+7B54) in font [lmroman10-regular]:mapping=t
ex-text;!
Missing character: There is no 案 (U+6848) in font [lmroman10-regular]:mapping=t
ex-text;!
Missing character: There is no 构 (U+6784) in font [lmroman10-regular]:mapping=t
ex-text;!
Missing character: There is no 成 (U+6210) in font [lmroman10-regular]:mapping=t
ex-text;!
Missing character: There is no 贡 (U+8D21) in font [lmroman10-regular]:mapping=t
ex-text;!
Missing character: There is no 献 (U+732E) in font [lmroman10-regular]:mapping=t
ex-text;!
Missing character: There is no 。 (U+3002) in font [lmroman10-regular]:mapping=t
ex-text;!
Missing character: There is no 然 (U+7136) in font [lmroman10-regular]:mapping=t
ex-text;!
Missing character: There is no 后 (U+540E) in font [lmroman10-regular]:mapping=t
ex-text;!
Missing character: There is no 同 (U+540C) in font [lmroman10-regular]:mapping=t
ex-text;!
Missing character: There is no 理 (U+7406) in font [lmroman10-regular]:mapping=t
ex-text;!
Missing character: There is no 继 (U+7EE7) in font [lmroman10-regular]:mapping=t
ex-text;!
Missing character: There is no 续 (U+7EED) in font [lmroman10-regular]:mapping=t
ex-text;!
Missing character: There is no 推 (U+63A8) in font [lmroman10-regular]:mapping=t
ex-text;!
Missing character: There is no 式 (U+5F0F) in font [lmroman10-regular]:mapping=t
ex-text;!
Missing character: There is no 子 (U+5B50) in font [lmroman10-regular]:mapping=t
ex-text;!
Missing character: There is no ： (U+FF1A) in font [lmroman10-regular]:mapping=t
ex-text;!
Missing character: There is no 还 (U+8FD8) in font [lmroman10-regular]:mapping=t
ex-text;!
Missing character: There is no 是 (U+662F) in font [lmroman10-regular]:mapping=t
ex-text;!
Missing character: There is no 根 (U+6839) in font [lmroman10-regular]:mapping=t
ex-text;!
Missing character: There is no 据 (U+636E) in font [lmroman10-regular]:mapping=t
ex-text;!
Missing character: There is no 的 (U+7684) in font [lmroman10-regular]:mapping=t
ex-text;!
Missing character: There is no 定 (U+5B9A) in font [lmroman10-regular]:mapping=t
ex-text;!
Missing character: There is no 义 (U+4E49) in font [lmroman10-regular]:mapping=t
ex-text;!
Missing character: There is no ： (U+FF1A) in font [lmroman10-regular]:mapping=t
ex-text;!
Missing character: There is no 贡 (U+8D21) in font [lmroman10-bold]:mapping=tex-
text;!
Missing character: There is no 献 (U+732E) in font [lmroman10-bold]:mapping=tex-
text;!
Missing character: There is no 那 (U+90A3) in font [lmroman10-regular]:mapping=t
ex-text;!
Missing character: There is no 么 (U+4E48) in font [lmroman10-regular]:mapping=t
ex-text;!
Missing character: There is no ， (U+FF0C) in font [lmroman10-regular]:mapping=t
ex-text;!
Missing character: There is no 对 (U+5BF9) in font [lmroman10-regular]:mapping=t
ex-text;!
Missing character: There is no 于 (U+4E8E) in font [lmroman10-regular]:mapping=t
ex-text;!
Missing character: There is no 所 (U+6240) in font [lmroman10-regular]:mapping=t
ex-text;!
Missing character: There is no 有 (U+6709) in font [lmroman10-regular]:mapping=t
ex-text;!
Missing character: There is no 最 (U+6700) in font [lmroman10-regular]:mapping=t
ex-text;!
Missing character: There is no 小 (U+5C0F) in font [lmroman10-regular]:mapping=t
ex-text;!
Missing character: There is no 质 (U+8D28) in font [lmroman10-regular]:mapping=t
ex-text;!
Missing character: There is no 因 (U+56E0) in font [lmroman10-regular]:mapping=t
ex-text;!
Missing character: There is no 子 (U+5B50) in font [lmroman10-regular]:mapping=t
ex-text;!
Missing character: There is no 为 (U+4E3A) in font [lmroman10-regular]:mapping=t
ex-text;!
Missing character: There is no 的 (U+7684) in font [lmroman10-regular]:mapping=t
ex-text;!
Missing character: There is no ， (U+FF0C) in font [lmroman10-regular]:mapping=t
ex-text;!
Missing character: There is no 的 (U+7684) in font [lmroman10-regular]:mapping=t
ex-text;!
Missing character: There is no 贡 (U+8D21) in font [lmroman10-regular]:mapping=t
ex-text;!
Missing character: There is no 献 (U+732E) in font [lmroman10-regular]:mapping=t
ex-text;!
Missing character: There is no 之 (U+4E4B) in font [lmroman10-regular]:mapping=t
ex-text;!
Missing character: There is no 和 (U+548C) in font [lmroman10-regular]:mapping=t
ex-text;!
Missing character: There is no 就 (U+5C31) in font [lmroman10-regular]:mapping=t
ex-text;!
Missing character: There is no 是 (U+662F) in font [lmroman10-regular]:mapping=t
ex-text;!
Missing character: There is no ： (U+FF1A) in font [lmroman10-regular]:mapping=t
ex-text;!


[2]
Missing character: There is no 此 (U+6B64) in font [lmroman10-regular]:mapping=t
ex-text;!
Missing character: There is no 时 (U+65F6) in font [lmroman10-regular]:mapping=t
ex-text;!
Missing character: There is no ， (U+FF0C) in font [lmroman10-regular]:mapping=t
ex-text;!
Missing character: There is no 对 (U+5BF9) in font [lmroman10-regular]:mapping=t
ex-text;!
Missing character: There is no 于 (U+4E8E) in font [lmroman10-regular]:mapping=t
ex-text;!
Missing character: There is no 每 (U+6BCF) in font [lmroman10-regular]:mapping=t
ex-text;!
Missing character: There is no 一 (U+4E00) in font [lmroman10-regular]:mapping=t
ex-text;!
Missing character: There is no 个 (U+4E2A) in font [lmroman10-regular]:mapping=t
ex-text;!
Missing character: There is no 大 (U+5927) in font [lmroman10-regular]:mapping=t
ex-text;!
Missing character: There is no 于 (U+4E8E) in font [lmroman10-regular]:mapping=t
ex-text;!
Missing character: There is no 等 (U+7B49) in font [lmroman10-regular]:mapping=t
ex-text;!
Missing character: There is no 于 (U+4E8E) in font [lmroman10-regular]:mapping=t
ex-text;!
Missing character: There is no 的 (U+7684) in font [lmroman10-regular]:mapping=t
ex-text;!
Missing character: There is no ， (U+FF0C) in font [lmroman10-regular]:mapping=t
ex-text;!
Missing character: There is no 计 (U+8BA1) in font [lmroman10-regular]:mapping=t
ex-text;!
Missing character: There is no 入 (U+5165) in font [lmroman10-regular]:mapping=t
ex-text;!
Missing character: There is no 贡 (U+8D21) in font [lmroman10-regular]:mapping=t
ex-text;!
Missing character: There is no 献 (U+732E) in font [lmroman10-regular]:mapping=t
ex-text;!
Missing character: There is no ， (U+FF0C) in font [lmroman10-regular]:mapping=t
ex-text;!
Missing character: There is no 则 (U+5219) in font [lmroman10-regular]:mapping=t
ex-text;!
Missing character: There is no ： (U+FF1A) in font [lmroman10-regular]:mapping=t
ex-text;!

Overfull \hbox (113.73091pt too wide) detected at line 235
[][]
 []

Missing character: There is no 这 (U+8FD9) in font [lmroman10-regular]:mapping=t
ex-text;!
Missing character: There is no 里 (U+91CC) in font [lmroman10-regular]:mapping=t
ex-text;!
Missing character: There is no 说 (U+8BF4) in font [lmroman10-regular]:mapping=t
ex-text;!
Missing character: There is no 一 (U+4E00) in font [lmroman10-regular]:mapping=t
ex-text;!
Missing character: There is no 下 (U+4E0B) in font [lmroman10-regular]:mapping=t
ex-text;!
Missing character: There is no 这 (U+8FD9) in font [lmroman10-regular]:mapping=t
ex-text;!
Missing character: There is no 一 (U+4E00) in font [lmroman10-regular]:mapping=t
ex-text;!
Missing character: There is no 步 (U+6B65) in font [lmroman10-regular]:mapping=t
ex-text;!
Missing character: There is no 是 (U+662F) in font [lmroman10-regular]:mapping=t
ex-text;!
Missing character: There is no 怎 (U+600E) in font [lmroman10-regular]:mapping=t
ex-text;!
Missing character: There is no 么 (U+4E48) in font [lmroman10-regular]:mapping=t
ex-text;!
Missing character: There is no 推 (U+63A8) in font [lmroman10-regular]:mapping=t
ex-text;!
Missing character: There is no 的 (U+7684) in font [lmroman10-regular]:mapping=t
ex-text;!
Missing character: There is no 。 (U+3002) in font [lmroman10-regular]:mapping=t
ex-text;!
Missing character: There is no 由 (U+7531) in font [lmroman10-regular]:mapping=t
ex-text;!
Missing character: There is no 定 (U+5B9A) in font [lmroman10-regular]:mapping=t
ex-text;!
Missing character: There is no 义 (U+4E49) in font [lmroman10-regular]:mapping=t
ex-text;!
Missing character: There is no ， (U+FF0C) in font [lmroman10-regular]:mapping=t
ex-text;!
Missing character: There is no 当 (U+5F53) in font [lmroman10-regular]:mapping=t
ex-text;!
Missing character: There is no 时 (U+65F6) in font [lmroman10-regular]:mapping=t
ex-text;!
Missing character: There is no ， (U+FF0C) in font [lmroman10-regular]:mapping=t
ex-text;!
Missing character: There is no ， (U+FF0C) in font [lmroman10-regular]:mapping=t
ex-text;!
Missing character: There is no 所 (U+6240) in font [lmroman10-regular]:mapping=t
ex-text;!
Missing character: There is no 以 (U+4EE5) in font [lmroman10-regular]:mapping=t
ex-text;!
Missing character: There is no 对 (U+5BF9) in font [lmroman10-regular]:mapping=t
ex-text;!
Missing character: There is no 于 (U+4E8E) in font [lmroman10-regular]:mapping=t
ex-text;!
Missing character: There is no 的 (U+7684) in font [lmroman10-regular]:mapping=t
ex-text;!
Missing character: There is no ， (U+FF0C) in font [lmroman10-regular]:mapping=t
ex-text;!
Missing character: There is no 必 (U+5FC5) in font [lmroman10-regular]:mapping=t
ex-text;!
Missing character: There is no 有 (U+6709) in font [lmroman10-regular]:mapping=t
ex-text;!
Missing character: There is no ， (U+FF0C) in font [lmroman10-regular]:mapping=t
ex-text;!
Missing character: There is no 所 (U+6240) in font [lmroman10-regular]:mapping=t
ex-text;!
Missing character: There is no 以 (U+4EE5) in font [lmroman10-regular]:mapping=t
ex-text;!
Missing character: There is no 不 (U+4E0D) in font [lmroman10-regular]:mapping=t
ex-text;!
Missing character: There is no 计 (U+8BA1) in font [lmroman10-regular]:mapping=t
ex-text;!
Missing character: There is no 入 (U+5165) in font [lmroman10-regular]:mapping=t
ex-text;!
Missing character: There is no 答 (U+7B54) in font [lmroman10-regular]:mapping=t
ex-text;!
Missing character: There is no 案 (U+6848) in font [lmroman10-regular]:mapping=t
ex-text;!
Missing character: There is no ， (U+FF0C) in font [lmroman10-regular]:mapping=t
ex-text;!
Missing character: There is no 又 (U+53C8) in font [lmroman10-regular]:mapping=t
ex-text;!
Missing character: There is no ， (U+FF0C) in font [lmroman10-regular]:mapping=t
ex-text;!
Missing character: There is no 所 (U+6240) in font [lmroman10-regular]:mapping=t
ex-text;!
Missing character: There is no 以 (U+4EE5) in font [lmroman10-regular]:mapping=t
ex-text;!
Missing character: There is no 时 (U+65F6) in font [lmroman10-regular]:mapping=t
ex-text;!
Missing character: There is no 只 (U+53EA) in font [lmroman10-regular]:mapping=t
ex-text;!
Missing character: There is no 有 (U+6709) in font [lmroman10-regular]:mapping=t
ex-text;!
Missing character: There is no 那 (U+90A3) in font [lmroman10-regular]:mapping=t
ex-text;!
Missing character: There is no 一 (U+4E00) in font [lmroman10-regular]:mapping=t
ex-text;!
Missing character: There is no 项 (U+9879) in font [lmroman10-regular]:mapping=t
ex-text;!
Missing character: There is no 会 (U+4F1A) in font [lmroman10-regular]:mapping=t
ex-text;!
Missing character: There is no 计 (U+8BA1) in font [lmroman10-regular]:mapping=t
ex-text;!
Missing character: There is no 入 (U+5165) in font [lmroman10-regular]:mapping=t
ex-text;!
Missing character: There is no 贡 (U+8D21) in font [lmroman10-regular]:mapping=t
ex-text;!
Missing character: There is no 献 (U+732E) in font [lmroman10-regular]:mapping=t
ex-text;!
Missing character: There is no ， (U+FF0C) in font [lmroman10-regular]:mapping=t
ex-text;!
Missing character: There is no 那 (U+90A3) in font [lmroman10-regular]:mapping=t
ex-text;!
Missing character: There is no 干 (U+5E72) in font [lmroman10-regular]:mapping=t
ex-text;!
Missing character: There is no 脆 (U+8106) in font [lmroman10-regular]:mapping=t
ex-text;!
Missing character: There is no 把 (U+628A) in font [lmroman10-regular]:mapping=t
ex-text;!
Missing character: There is no 它 (U+5B83) in font [lmroman10-regular]:mapping=t
ex-text;!
Missing character: There is no 提 (U+63D0) in font [lmroman10-regular]:mapping=t
ex-text;!
Missing character: There is no 出 (U+51FA) in font [lmroman10-regular]:mapping=t
ex-text;!
Missing character: There is no 去 (U+53BB) in font [lmroman10-regular]:mapping=t
ex-text;!
Missing character: There is no 单 (U+5355) in font [lmroman10-regular]:mapping=t
ex-text;!
Missing character: There is no 独 (U+72EC) in font [lmroman10-regular]:mapping=t
ex-text;!
Missing character: There is no 处 (U+5904) in font [lmroman10-regular]:mapping=t
ex-text;!
Missing character: There is no 理 (U+7406) in font [lmroman10-regular]:mapping=t
ex-text;!
Missing character: There is no 好 (U+597D) in font [lmroman10-regular]:mapping=t
ex-text;!
Missing character: There is no 了 (U+4E86) in font [lmroman10-regular]:mapping=t
ex-text;!
Missing character: There is no 。 (U+3002) in font [lmroman10-regular]:mapping=t
ex-text;!
Missing character: There is no 开 (U+5F00) in font [lmroman10-regular]:mapping=t
ex-text;!
Missing character: There is no 始 (U+59CB) in font [lmroman10-regular]:mapping=t
ex-text;!
Missing character: There is no 化 (U+5316) in font [lmroman10-regular]:mapping=t
ex-text;!
Missing character: There is no 简 (U+7B80) in font [lmroman10-regular]:mapping=t
ex-text;!
Missing character: There is no 式 (U+5F0F) in font [lmroman10-regular]:mapping=t
ex-text;!
Missing character: There is no 子 (U+5B50) in font [lmroman10-regular]:mapping=t
ex-text;!
Missing character: There is no ， (U+FF0C) in font [lmroman10-regular]:mapping=t
ex-text;!

Overfull \hbox (24.48665pt too wide) detected at line 246
[] [] [] [] [][][][][]
 []

Missing character: There is no 这 (U+8FD9) in font [lmroman10-regular]:mapping=t
ex-text;!
Missing character: There is no 一 (U+4E00) in font [lmroman10-regular]:mapping=t
ex-text;!
Missing character: There is no 步 (U+6B65) in font [lmroman10-regular]:mapping=t
ex-text;!
Missing character: There is no 就 (U+5C31) in font [lmroman10-regular]:mapping=t
ex-text;!
Missing character: There is no 很 (U+5F88) in font [lmroman10-regular]:mapping=t
ex-text;!
Missing character: There is no 初 (U+521D) in font [lmroman10-regular]:mapping=t
ex-text;!
Missing character: There is no 等 (U+7B49) in font [lmroman10-regular]:mapping=t
ex-text;!
Missing character: There is no ， (U+FF0C) in font [lmroman10-regular]:mapping=t
ex-text;!
Missing character: There is no 没 (U+6CA1) in font [lmroman10-regular]:mapping=t
ex-text;!
Missing character: There is no 什 (U+4EC0) in font [lmroman10-regular]:mapping=t
ex-text;!
Missing character: There is no 么 (U+4E48) in font [lmroman10-regular]:mapping=t
ex-text;!
Missing character: There is no 好 (U+597D) in font [lmroman10-regular]:mapping=t
ex-text;!
Missing character: There is no 说 (U+8BF4) in font [lmroman10-regular]:mapping=t
ex-text;!
Missing character: There is no 的 (U+7684) in font [lmroman10-regular]:mapping=t
ex-text;!
Missing character: There is no 。 (U+3002) in font [lmroman10-regular]:mapping=t
ex-text;!
Missing character: There is no 下 (U+4E0B) in font [lmroman10-regular]:mapping=t
ex-text;!
Missing character: There is no 一 (U+4E00) in font [lmroman10-regular]:mapping=t
ex-text;!
Missing character: There is no 步 (U+6B65) in font [lmroman10-regular]:mapping=t
ex-text;!
Missing character: There is no 还 (U+8FD8) in font [lmroman10-regular]:mapping=t
ex-text;!
Missing character: There is no 是 (U+662F) in font [lmroman10-regular]:mapping=t
ex-text;!
Missing character: There is no 很 (U+5F88) in font [lmroman10-regular]:mapping=t
ex-text;!
Missing character: There is no 初 (U+521D) in font [lmroman10-regular]:mapping=t
ex-text;!
Missing character: There is no 等 (U+7B49) in font [lmroman10-regular]:mapping=t
ex-text;!
Missing character: There is no 。 (U+3002) in font [lmroman10-regular]:mapping=t
ex-text;!
Missing character: There is no 设 (U+8BBE) in font [lmroman10-regular]:mapping=t
ex-text;!
Missing character: There is no 。 (U+3002) in font [lmroman10-regular]:mapping=t
ex-text;!
Missing character: There is no 则 (U+5219) in font [lmroman10-regular]:mapping=t
ex-text;!
Missing character: There is no 可 (U+53EF) in font [lmroman10-regular]:mapping=t
ex-text;!
Missing character: There is no 以 (U+4EE5) in font [lmroman10-regular]:mapping=t
ex-text;!
Missing character: There is no 表 (U+8868) in font [lmroman10-regular]:mapping=t
ex-text;!
Missing character: There is no 示 (U+793A) in font [lmroman10-regular]:mapping=t
ex-text;!
Missing character: There is no 成 (U+6210) in font [lmroman10-regular]:mapping=t
ex-text;!
Missing character: There is no ： (U+FF1A) in font [lmroman10-regular]:mapping=t
ex-text;!

Overfull \hbox (2.05492pt too wide) detected at line 256
[][][][] [][] [] [] [] [][][][] [] [][][][][]
 []

Missing character: There is no 终 (U+7EC8) in font [lmroman10-regular]:mapping=t
ex-text;!
Missing character: There is no 于 (U+4E8E) in font [lmroman10-regular]:mapping=t
ex-text;!
Missing character: There is no 我 (U+6211) in font [lmroman10-regular]:mapping=t
ex-text;!
Missing character: There is no 们 (U+4EEC) in font [lmroman10-regular]:mapping=t
ex-text;!
Missing character: There is no 推 (U+63A8) in font [lmroman10-regular]:mapping=t
ex-text;!
Missing character: There is no 了 (U+4E86) in font [lmroman10-regular]:mapping=t
ex-text;!
Missing character: There is no 这 (U+8FD9) in font [lmroman10-regular]:mapping=t
ex-text;!
Missing character: There is no 么 (U+4E48) in font [lmroman10-regular]:mapping=t
ex-text;!
Missing character: There is no 久 (U+4E45) in font [lmroman10-regular]:mapping=t
ex-text;!
Missing character: There is no ， (U+FF0C) in font [lmroman10-regular]:mapping=t
ex-text;!
Missing character: There is no 得 (U+5F97) in font [lmroman10-regular]:mapping=t
ex-text;!
Missing character: There is no 到 (U+5230) in font [lmroman10-regular]:mapping=t
ex-text;!
Missing character: There is no 了 (U+4E86) in font [lmroman10-regular]:mapping=t
ex-text;!
Missing character: There is no 这 (U+8FD9) in font [lmroman10-regular]:mapping=t
ex-text;!
Missing character: There is no 个 (U+4E2A) in font [lmroman10-regular]:mapping=t
ex-text;!
Missing character: There is no 递 (U+9012) in font [lmroman10-regular]:mapping=t
ex-text;!
Missing character: There is no 推 (U+63A8) in font [lmroman10-regular]:mapping=t
ex-text;!
Missing character: There is no 式 (U+5F0F) in font [lmroman10-regular]:mapping=t
ex-text;!
Missing character: There is no 子 (U+5B50) in font [lmroman10-regular]:mapping=t
ex-text;!
Missing character: There is no 。 (U+3002) in font [lmroman10-regular]:mapping=t
ex-text;!
Missing character: There is no 终 (U+7EC8) in font [lmroman10-regular]:mapping=t
ex-text;!
Missing character: There is no 止 (U+6B62) in font [lmroman10-regular]:mapping=t
ex-text;!
Missing character: There is no 条 (U+6761) in font [lmroman10-regular]:mapping=t
ex-text;!
Missing character: There is no 件 (U+4EF6) in font [lmroman10-regular]:mapping=t
ex-text;!
Missing character: There is no 就 (U+5C31) in font [lmroman10-regular]:mapping=t
ex-text;!
Missing character: There is no 是 (U+662F) in font [lmroman10-regular]:mapping=t
ex-text;!
Missing character: There is no 当 (U+5F53) in font [lmroman10-regular]:mapping=t
ex-text;!
Missing character: There is no 是 (U+662F) in font [lmroman10-regular]:mapping=t
ex-text;!
Missing character: There is no ， (U+FF0C) in font [lmroman10-regular]:mapping=t
ex-text;!
Missing character: There is no 。 (U+3002) in font [lmroman10-regular]:mapping=t
ex-text;!
Missing character: There is no 而 (U+800C) in font [lmroman10-regular]:mapping=t
ex-text;!
Missing character: There is no 刚 (U+521A) in font [lmroman10-regular]:mapping=t
ex-text;!
Missing character: There is no 才 (U+624D) in font [lmroman10-regular]:mapping=t
ex-text;!
Missing character: There is no 那 (U+90A3) in font [lmroman10-regular]:mapping=t
ex-text;!
Missing character: There is no 么 (U+4E48) in font [lmroman10-regular]:mapping=t
ex-text;!
Missing character: There is no 多 (U+591A) in font [lmroman10-regular]:mapping=t
ex-text;!
Missing character: There is no 的 (U+7684) in font [lmroman10-regular]:mapping=t
ex-text;!
Missing character: There is no 分 (U+5206) in font [lmroman10-regular]:mapping=t
ex-text;!
Missing character: There is no 析 (U+6790) in font [lmroman10-regular]:mapping=t
ex-text;!
Missing character: There is no ， (U+FF0C) in font [lmroman10-regular]:mapping=t
ex-text;!
Missing character: There is no 在 (U+5728) in font [lmroman10-regular]:mapping=t
ex-text;!
Missing character: There is no 中 (U+4E2D) in font [lmroman10-regular]:mapping=t
ex-text;!
Missing character: There is no 就 (U+5C31) in font [lmroman10-regular]:mapping=t
ex-text;!
Missing character: There is no 是 (U+662F) in font [lmroman10-regular]:mapping=t
ex-text;!
Missing character: There is no 一 (U+4E00) in font [lmroman10-regular]:mapping=t
ex-text;!
Missing character: There is no 个 (U+4E2A) in font [lmroman10-regular]:mapping=t
ex-text;!
Missing character: There is no 直 (U+76F4) in font [lmroman10-regular]:mapping=t
ex-text;!
Missing character: There is no 接 (U+63A5) in font [lmroman10-regular]:mapping=t
ex-text;!
Missing character: There is no 的 (U+7684) in font [lmroman10-regular]:mapping=t
ex-text;!
Missing character: There is no 等 (U+7B49) in font [lmroman10-regular]:mapping=t
ex-text;!
Missing character: There is no 式 (U+5F0F) in font [lmroman10-regular]:mapping=t
ex-text;!
Missing character: There is no ， (U+FF0C) in font [lmroman10-regular]:mapping=t
ex-text;!
Missing character: There is no 一 (U+4E00) in font [lmroman10-regular]:mapping=t
ex-text;!
Missing character: There is no 笔 (U+7B14) in font [lmroman10-regular]:mapping=t
ex-text;!
Missing character: There is no 带 (U+5E26) in font [lmroman10-regular]:mapping=t
ex-text;!
Missing character: There is no 过 (U+8FC7) in font [lmroman10-regular]:mapping=t
ex-text;!
Missing character: There is no 。 (U+3002) in font [lmroman10-regular]:mapping=t
ex-text;!
Missing character: There is no 所 ("6240) in font ectt1000!
Missing character: There is no 以 ("4EE5) in font ectt1000!
Missing character: There is no 我 ("6211) in font ectt1000!
Missing character: There is no 说 ("8BF4) in font ectt1000!
Missing character: There is no 不 ("4E0D) in font ectt1000!
Missing character: There is no 好 ("597D) in font ectt1000!
Missing character: There is no 懂 ("61C2) in font ectt1000!
Missing character: There is no 。 ("3002) in font ectt1000!
Missing character: There is no 这 (U+8FD9) in font [lmroman10-regular]:mapping=t
ex-text;!
Missing character: There is no 里 (U+91CC) in font [lmroman10-regular]:mapping=t
ex-text;!
Missing character: There is no 有 (U+6709) in font [lmroman10-regular]:mapping=t
ex-text;!
Missing character: There is no 一 (U+4E00) in font [lmroman10-regular]:mapping=t
ex-text;!
Missing character: There is no 个 (U+4E2A) in font [lmroman10-regular]:mapping=t
ex-text;!
Missing character: There is no 艾 (U+827E) in font [lmroman10-regular]:mapping=t
ex-text;!
Missing character: There is no 佛 (U+4F5B) in font [lmroman10-regular]:mapping=t
ex-text;!
Missing character: There is no 森 (U+68EE) in font [lmroman10-regular]:mapping=t
ex-text;!
Missing character: There is no 括 (U+62EC) in font [lmroman10-regular]:mapping=t
ex-text;!
Missing character: There is no 号 (U+53F7) in font [lmroman10-regular]:mapping=t
ex-text;!
Missing character: There is no ， (U+FF0C) in font [lmroman10-regular]:mapping=t
ex-text;!
Missing character: There is no 很 (U+5F88) in font [lmroman10-regular]:mapping=t
ex-text;!
Missing character: There is no 丑 (U+4E11) in font [lmroman10-regular]:mapping=t
ex-text;!
Missing character: There is no 。 (U+3002) in font [lmroman10-regular]:mapping=t
ex-text;!
Missing character: There is no 怎 (U+600E) in font [lmroman10-regular]:mapping=t
ex-text;!
Missing character: There is no 么 (U+4E48) in font [lmroman10-regular]:mapping=t
ex-text;!
Missing character: There is no 把 (U+628A) in font [lmroman10-regular]:mapping=t
ex-text;!
Missing character: There is no 它 (U+5B83) in font [lmroman10-regular]:mapping=t
ex-text;!
Missing character: There is no 干 (U+5E72) in font [lmroman10-regular]:mapping=t
ex-text;!
Missing character: There is no 掉 (U+6389) in font [lmroman10-regular]:mapping=t
ex-text;!
Missing character: There is no ？ (U+FF1F) in font [lmroman10-regular]:mapping=t
ex-text;!
Missing character: There is no 简 (U+7B80) in font [lmroman10-regular]:mapping=t
ex-text;!
Missing character: There is no 单 (U+5355) in font [lmroman10-regular]:mapping=t
ex-text;!
Missing character: There is no ！ (U+FF01) in font [lmroman10-regular]:mapping=t
ex-text;!
Missing character: There is no 我 (U+6211) in font [lmroman10-regular]:mapping=t
ex-text;!
Missing character: There is no 们 (U+4EEC) in font [lmroman10-regular]:mapping=t
ex-text;!
Missing character: There is no 知 (U+77E5) in font [lmroman10-regular]:mapping=t
ex-text;!
Missing character: There is no 道 (U+9053) in font [lmroman10-regular]:mapping=t
ex-text;!
Missing character: There is no ， (U+FF0C) in font [lmroman10-regular]:mapping=t
ex-text;!
Missing character: There is no 对 (U+5BF9) in font [lmroman10-regular]:mapping=t
ex-text;!
Missing character: There is no 于 (U+4E8E) in font [lmroman10-regular]:mapping=t
ex-text;!
Missing character: There is no 枚 (U+679A) in font [lmroman10-regular]:mapping=t
ex-text;!
Missing character: There is no 举 (U+4E3E) in font [lmroman10-regular]:mapping=t
ex-text;!
Missing character: There is no 到 (U+5230) in font [lmroman10-regular]:mapping=t
ex-text;!
Missing character: There is no 的 (U+7684) in font [lmroman10-regular]:mapping=t
ex-text;!
Missing character: There is no 最 (U+6700) in font [lmroman10-regular]:mapping=t
ex-text;!
Missing character: There is no 后 (U+540E) in font [lmroman10-regular]:mapping=t
ex-text;!
Missing character: There is no 一 (U+4E00) in font [lmroman10-regular]:mapping=t
ex-text;!
Missing character: There is no 个 (U+4E2A) in font [lmroman10-regular]:mapping=t
ex-text;!
Missing character: There is no ， (U+FF0C) in font [lmroman10-regular]:mapping=t
ex-text;!
Missing character: There is no 此 (U+6B64) in font [lmroman10-regular]:mapping=t
ex-text;!
Missing character: There is no 时 (U+65F6) in font [lmroman10-regular]:mapping=t
ex-text;!
Missing character: There is no ， (U+FF0C) in font [lmroman10-regular]:mapping=t
ex-text;!
Missing character: There is no ， (U+FF0C) in font [lmroman10-regular]:mapping=t
ex-text;!
Missing character: There is no 则 (U+5219) in font [lmroman10-regular]:mapping=t
ex-text;!
Missing character: There is no 有 (U+6709) in font [lmroman10-regular]:mapping=t
ex-text;!
Missing character: There is no 。 (U+3002) in font [lmroman10-regular]:mapping=t
ex-text;!
Missing character: There is no 所 (U+6240) in font [lmroman10-regular]:mapping=t
ex-text;!
Missing character: There is no 以 (U+4EE5) in font [lmroman10-regular]:mapping=t
ex-text;!
Missing character: There is no 根 (U+6839) in font [lmroman10-regular]:mapping=t
ex-text;!
Missing character: There is no 据 (U+636E) in font [lmroman10-regular]:mapping=t
ex-text;!
Missing character: There is no 定 (U+5B9A) in font [lmroman10-regular]:mapping=t
ex-text;!
Missing character: There is no 义 (U+4E49) in font [lmroman10-regular]:mapping=t
ex-text;!
Missing character: There is no ， (U+FF0C) in font [lmroman10-regular]:mapping=t
ex-text;!
Missing character: There is no 此 (U+6B64) in font [lmroman10-regular]:mapping=t
ex-text;!
Missing character: There is no 时 (U+65F6) in font [lmroman10-regular]:mapping=t
ex-text;!
Missing character: There is no 的 (U+7684) in font [lmroman10-regular]:mapping=t
ex-text;!
Missing character: There is no 。 (U+3002) in font [lmroman10-regular]:mapping=t
ex-text;!
Missing character: There is no 所 (U+6240) in font [lmroman10-regular]:mapping=t
ex-text;!
Missing character: There is no 以 (U+4EE5) in font [lmroman10-regular]:mapping=t
ex-text;!
Missing character: There is no 我 (U+6211) in font [lmroman10-regular]:mapping=t
ex-text;!
Missing character: There is no 们 (U+4EEC) in font [lmroman10-regular]:mapping=t
ex-text;!
Missing character: There is no 就 (U+5C31) in font [lmroman10-regular]:mapping=t
ex-text;!
Missing character: There is no 知 (U+77E5) in font [lmroman10-regular]:mapping=t
ex-text;!
Missing character: There is no 道 (U+9053) in font [lmroman10-regular]:mapping=t
ex-text;!
Missing character: There is no 枚 (U+679A) in font [lmroman10-regular]:mapping=t
ex-text;!
Missing character: There is no 举 (U+4E3E) in font [lmroman10-regular]:mapping=t
ex-text;!
Missing character: There is no 到 (U+5230) in font [lmroman10-regular]:mapping=t
ex-text;!
Missing character: There is no 最 (U+6700) in font [lmroman10-regular]:mapping=t
ex-text;!
Missing character: There is no 后 (U+540E) in font [lmroman10-regular]:mapping=t
ex-text;!
Missing character: There is no 一 (U+4E00) in font [lmroman10-regular]:mapping=t
ex-text;!
Missing character: There is no 个 (U+4E2A) in font [lmroman10-regular]:mapping=t
ex-text;!
Missing character: There is no 的 (U+7684) in font [lmroman10-regular]:mapping=t
ex-text;!
Missing character: There is no 时 (U+65F6) in font [lmroman10-regular]:mapping=t
ex-text;!
Missing character: There is no 候 (U+5019) in font [lmroman10-regular]:mapping=t
ex-text;!
Missing character: There is no 贡 (U+8D21) in font [lmroman10-regular]:mapping=t
ex-text;!
Missing character: There is no 献 (U+732E) in font [lmroman10-regular]:mapping=t
ex-text;!
Missing character: There is no 只 (U+53EA) in font [lmroman10-regular]:mapping=t
ex-text;!
Missing character: There is no 有 (U+6709) in font [lmroman10-regular]:mapping=t
ex-text;!
Missing character: There is no 。 (U+3002) in font [lmroman10-regular]:mapping=t
ex-text;!
Missing character: There is no 于 (U+4E8E) in font [lmroman10-regular]:mapping=t
ex-text;!
Missing character: There is no 是 (U+662F) in font [lmroman10-regular]:mapping=t
ex-text;!
Missing character: There is no 我 (U+6211) in font [lmroman10-regular]:mapping=t
ex-text;!
Missing character: There is no 们 (U+4EEC) in font [lmroman10-regular]:mapping=t
ex-text;!
Missing character: There is no 可 (U+53EF) in font [lmroman10-regular]:mapping=t
ex-text;!
Missing character: There is no 以 (U+4EE5) in font [lmroman10-regular]:mapping=t
ex-text;!
Missing character: There is no 发 (U+53D1) in font [lmroman10-regular]:mapping=t
ex-text;!
Missing character: There is no 现 (U+73B0) in font [lmroman10-regular]:mapping=t
ex-text;!
Missing character: There is no ， (U+FF0C) in font [lmroman10-regular]:mapping=t
ex-text;!
Missing character: There is no 根 (U+6839) in font [lmroman10-regular]:mapping=t
ex-text;!
Missing character: There is no 据 (U+636E) in font [lmroman10-regular]:mapping=t
ex-text;!
Missing character: There is no 乘 (U+4E58) in font [lmroman10-regular]:mapping=t
ex-text;!
Missing character: There is no 法 (U+6CD5) in font [lmroman10-regular]:mapping=t
ex-text;!
Missing character: There is no 分 (U+5206) in font [lmroman10-regular]:mapping=t
ex-text;!
Missing character: There is no 配 (U+914D) in font [lmroman10-regular]:mapping=t
ex-text;!
Missing character: There is no 律 (U+5F8B) in font [lmroman10-regular]:mapping=t
ex-text;!
Missing character: There is no ， (U+FF0C) in font [lmroman10-regular]:mapping=t
ex-text;!
Missing character: There is no 这 (U+8FD9) in font [lmroman10-regular]:mapping=t
ex-text;!
Missing character: There is no 一 (U+4E00) in font [lmroman10-regular]:mapping=t
ex-text;!
Missing character: There is no 项 (U+9879) in font [lmroman10-regular]:mapping=t
ex-text;!
Missing character: There is no 在 (U+5728) in font [lmroman10-regular]:mapping=t
ex-text;!
Missing character: There is no 时 (U+65F6) in font [lmroman10-regular]:mapping=t
ex-text;!
Missing character: There is no 没 (U+6CA1) in font [lmroman10-regular]:mapping=t
ex-text;!
Missing character: There is no 有 (U+6709) in font [lmroman10-regular]:mapping=t
ex-text;!
Missing character: There is no 贡 (U+8D21) in font [lmroman10-regular]:mapping=t
ex-text;!
Missing character: There is no 献 (U+732E) in font [lmroman10-regular]:mapping=t
ex-text;!
Missing character: There is no 。 (U+3002) in font [lmroman10-regular]:mapping=t
ex-text;!
Missing character: There is no 而 (U+800C) in font [lmroman10-regular]:mapping=t
ex-text;!
Missing character: There is no 这 (U+8FD9) in font [lmroman10-regular]:mapping=t
ex-text;!
Missing character: There is no 一 (U+4E00) in font [lmroman10-regular]:mapping=t
ex-text;!
Missing character: There is no 项 (U+9879) in font [lmroman10-regular]:mapping=t
ex-text;!
Missing character: There is no 在 (U+5728) in font [lmroman10-regular]:mapping=t
ex-text;!
Missing character: There is no 最 (U+6700) in font [lmroman10-regular]:mapping=t
ex-text;!
Missing character: There is no 后 (U+540E) in font [lmroman10-regular]:mapping=t
ex-text;!
Missing character: There is no 一 (U+4E00) in font [lmroman10-regular]:mapping=t
ex-text;!
Missing character: There is no 个 (U+4E2A) in font [lmroman10-regular]:mapping=t
ex-text;!
Missing character: There is no 时 (U+65F6) in font [lmroman10-regular]:mapping=t
ex-text;!
Missing character: There is no 没 (U+6CA1) in font [lmroman10-regular]:mapping=t
ex-text;!
Missing character: There is no 有 (U+6709) in font [lmroman10-regular]:mapping=t
ex-text;!
Missing character: There is no 贡 (U+8D21) in font [lmroman10-regular]:mapping=t
ex-text;!
Missing character: There is no 献 (U+732E) in font [lmroman10-regular]:mapping=t
ex-text;!
Missing character: There is no 。 (U+3002) in font [lmroman10-regular]:mapping=t
ex-text;!
Missing character: There is no 所 (U+6240) in font [lmroman10-regular]:mapping=t
ex-text;!
Missing character: There is no 以 (U+4EE5) in font [lmroman10-regular]:mapping=t
ex-text;!
Missing character: There is no 我 (U+6211) in font [lmroman10-regular]:mapping=t
ex-text;!
Missing character: There is no 们 (U+4EEC) in font [lmroman10-regular]:mapping=t
ex-text;!
Missing character: There is no 可 (U+53EF) in font [lmroman10-regular]:mapping=t
ex-text;!
Missing character: There is no 以 (U+4EE5) in font [lmroman10-regular]:mapping=t
ex-text;!
Missing character: There is no 枚 (U+679A) in font [lmroman10-regular]:mapping=t
ex-text;!
Missing character: There is no 举 (U+4E3E) in font [lmroman10-regular]:mapping=t
ex-text;!
Missing character: There is no 时 (U+65F6) in font [lmroman10-regular]:mapping=t
ex-text;!
Missing character: There is no 将 (U+5C06) in font [lmroman10-regular]:mapping=t
ex-text;!
Missing character: There is no ， (U+FF0C) in font [lmroman10-regular]:mapping=t
ex-text;!
Missing character: There is no 改 (U+6539) in font [lmroman10-regular]:mapping=t
ex-text;!
Missing character: There is no 为 (U+4E3A) in font [lmroman10-regular]:mapping=t
ex-text;!
Missing character: There is no 。 (U+3002) in font [lmroman10-regular]:mapping=t
ex-text;!
Missing character: There is no 这 (U+8FD9) in font [lmroman10-regular]:mapping=t
ex-text;!
Missing character: There is no 一 (U+4E00) in font [lmroman10-regular]:mapping=t
ex-text;!
Missing character: There is no 步 (U+6B65) in font [lmroman10-regular]:mapping=t
ex-text;!
Missing character: There is no 很 (U+5F88) in font [lmroman10-regular]:mapping=t
ex-text;!
Missing character: There is no 重 (U+91CD) in font [lmroman10-regular]:mapping=t
ex-text;!
Missing character: There is no 要 (U+8981) in font [lmroman10-regular]:mapping=t
ex-text;!
Missing character: There is no ， (U+FF0C) in font [lmroman10-regular]:mapping=t
ex-text;!
Missing character: There is no 务 (U+52A1) in font [lmroman10-regular]:mapping=t
ex-text;!
Missing character: There is no 必 (U+5FC5) in font [lmroman10-regular]:mapping=t
ex-text;!
Missing character: There is no 理 (U+7406) in font [lmroman10-regular]:mapping=t
ex-text;!
Missing character: There is no 解 (U+89E3) in font [lmroman10-regular]:mapping=t
ex-text;!
Missing character: There is no 透 (U+900F) in font [lmroman10-regular]:mapping=t
ex-text;!
Missing character: There is no 彻 (U+5F7B) in font [lmroman10-regular]:mapping=t
ex-text;!
Missing character: There is no ！ (U+FF01) in font [lmroman10-regular]:mapping=t
ex-text;!


[3]
Missing character: There is no 如 (U+5982) in font [lmroman10-regular]:mapping=t
ex-text;!
Missing character: There is no 果 (U+679C) in font [lmroman10-regular]:mapping=t
ex-text;!
Missing character: There is no 您 (U+60A8) in font [lmroman10-regular]:mapping=t
ex-text;!
Missing character: There is no 还 (U+8FD8) in font [lmroman10-regular]:mapping=t
ex-text;!
Missing character: There is no 不 (U+4E0D) in font [lmroman10-regular]:mapping=t
ex-text;!
Missing character: There is no 理 (U+7406) in font [lmroman10-regular]:mapping=t
ex-text;!
Missing character: There is no 解 (U+89E3) in font [lmroman10-regular]:mapping=t
ex-text;!
Missing character: There is no ， (U+FF0C) in font [lmroman10-regular]:mapping=t
ex-text;!
Missing character: There is no 举 (U+4E3E) in font [lmroman10-regular]:mapping=t
ex-text;!
Missing character: There is no 个 (U+4E2A) in font [lmroman10-regular]:mapping=t
ex-text;!
Missing character: There is no 例 (U+4F8B) in font [lmroman10-regular]:mapping=t
ex-text;!
Missing character: There is no 子 (U+5B50) in font [lmroman10-regular]:mapping=t
ex-text;!
Missing character: There is no ： (U+FF1A) in font [lmroman10-regular]:mapping=t
ex-text;!
Missing character: There is no 如 (U+5982) in font [lmroman10-regular]:mapping=t
ex-text;!
Missing character: There is no 果 (U+679C) in font [lmroman10-regular]:mapping=t
ex-text;!
Missing character: There is no 您 (U+60A8) in font [lmroman10-regular]:mapping=t
ex-text;!
Missing character: There is no 理 (U+7406) in font [lmroman10-regular]:mapping=t
ex-text;!
Missing character: There is no 解 (U+89E3) in font [lmroman10-regular]:mapping=t
ex-text;!
Missing character: There is no 了 (U+4E86) in font [lmroman10-regular]:mapping=t
ex-text;!
Missing character: There is no ， (U+FF0C) in font [lmroman10-regular]:mapping=t
ex-text;!
Missing character: There is no 继 (U+7EE7) in font [lmroman10-regular]:mapping=t
ex-text;!
Missing character: There is no 续 (U+7EED) in font [lmroman10-regular]:mapping=t
ex-text;!
Missing character: There is no 推 (U+63A8) in font [lmroman10-regular]:mapping=t
ex-text;!
Missing character: There is no ： (U+FF1A) in font [lmroman10-regular]:mapping=t
ex-text;!
Missing character: There is no 于 (U+4E8E) in font [lmroman10-regular]:mapping=t
ex-text;!
Missing character: There is no 是 (U+662F) in font [lmroman10-regular]:mapping=t
ex-text;!
Missing character: There is no 有 (U+6709) in font [lmroman10-regular]:mapping=t
ex-text;!

Overfull \hbox (25.52386pt too wide) detected at line 286
[][][][] [][] [] [] [] [][][][] [] [][][][][]
 []

Missing character: There is no 假 (U+5047) in font [lmroman10-regular]:mapping=t
ex-text;!
Missing character: There is no 设 (U+8BBE) in font [lmroman10-regular]:mapping=t
ex-text;!
Missing character: There is no 我 (U+6211) in font [lmroman10-regular]:mapping=t
ex-text;!
Missing character: There is no 们 (U+4EEC) in font [lmroman10-regular]:mapping=t
ex-text;!
Missing character: There is no 已 (U+5DF2) in font [lmroman10-regular]:mapping=t
ex-text;!
Missing character: There is no 经 (U+7ECF) in font [lmroman10-regular]:mapping=t
ex-text;!
Missing character: There is no 会 (U+4F1A) in font [lmroman10-regular]:mapping=t
ex-text;!
Missing character: There is no 计 (U+8BA1) in font [lmroman10-regular]:mapping=t
ex-text;!
Missing character: There is no 算 (U+7B97) in font [lmroman10-regular]:mapping=t
ex-text;!
Missing character: There is no 了 (U+4E86) in font [lmroman10-regular]:mapping=t
ex-text;!
Missing character: There is no ， (U+FF0C) in font [lmroman10-regular]:mapping=t
ex-text;!
Missing character: There is no 那 (U+90A3) in font [lmroman10-regular]:mapping=t
ex-text;!
Missing character: There is no 么 (U+4E48) in font [lmroman10-regular]:mapping=t
ex-text;!
Missing character: There is no 这 (U+8FD9) in font [lmroman10-regular]:mapping=t
ex-text;!
Missing character: There is no 不 (U+4E0D) in font [lmroman10-regular]:mapping=t
ex-text;!
Missing character: There is no 就 (U+5C31) in font [lmroman10-regular]:mapping=t
ex-text;!
Missing character: There is no 是 (U+662F) in font [lmroman10-regular]:mapping=t
ex-text;!
Missing character: There is no 一 (U+4E00) in font [lmroman10-regular]:mapping=t
ex-text;!
Missing character: There is no 个 (U+4E2A) in font [lmroman10-regular]:mapping=t
ex-text;!
Missing character: There is no 式 (U+5F0F) in font [lmroman10-regular]:mapping=t
ex-text;!
Missing character: There is no 子 (U+5B50) in font [lmroman10-regular]:mapping=t
ex-text;!
Missing character: There is no 吗 (U+5417) in font [lmroman10-regular]:mapping=t
ex-text;!
Missing character: There is no ？ (U+FF1F) in font [lmroman10-regular]:mapping=t
ex-text;!
Missing character: There is no 直 (U+76F4) in font [lmroman10-regular]:mapping=t
ex-text;!
Missing character: There is no 接 (U+63A5) in font [lmroman10-regular]:mapping=t
ex-text;!
Missing character: There is no 模 (U+6A21) in font [lmroman10-regular]:mapping=t
ex-text;!
Missing character: There is no 拟 (U+62DF) in font [lmroman10-regular]:mapping=t
ex-text;!
Missing character: There is no 原 (U+539F) in font [lmroman10-regular]:mapping=t
ex-text;!
Missing character: There is no 式 (U+5F0F) in font [lmroman10-regular]:mapping=t
ex-text;!
Missing character: There is no 即 (U+5373) in font [lmroman10-regular]:mapping=t
ex-text;!
Missing character: There is no 可 (U+53EF) in font [lmroman10-regular]:mapping=t
ex-text;!
Missing character: There is no 。 (U+3002) in font [lmroman10-regular]:mapping=t
ex-text;!
Missing character: There is no 求 (U+6C42) in font [lmroman12-bold]:mapping=tex-
text;!
Missing character: There is no 出 (U+51FA) in font [lmroman12-bold]:mapping=tex-
text;!
LaTeX Font Info:    Font shape `TU/latinmodern-math.otf(1)/m/n' will be
(Font)              scaled to size 12.0pt on input line 292.
LaTeX Font Info:    Font shape `TU/latinmodern-math.otf(1)/m/n' will be
(Font)              scaled to size 8.0pt on input line 292.
LaTeX Font Info:    Font shape `TU/latinmodern-math.otf(1)/m/n' will be
(Font)              scaled to size 6.0pt on input line 292.
LaTeX Font Info:    Font shape `TU/latinmodern-math.otf(2)/m/n' will be
(Font)              scaled to size 12.0011pt on input line 292.
LaTeX Font Info:    Font shape `TU/latinmodern-math.otf(2)/m/n' will be
(Font)              scaled to size 8.00073pt on input line 292.
LaTeX Font Info:    Font shape `TU/latinmodern-math.otf(2)/m/n' will be
(Font)              scaled to size 6.00055pt on input line 292.
LaTeX Font Info:    Font shape `TU/latinmodern-math.otf(3)/m/n' will be
(Font)              scaled to size 11.99872pt on input line 292.
LaTeX Font Info:    Font shape `TU/latinmodern-math.otf(3)/m/n' will be
(Font)              scaled to size 7.99915pt on input line 292.
LaTeX Font Info:    Font shape `TU/latinmodern-math.otf(3)/m/n' will be
(Font)              scaled to size 5.99936pt on input line 292.
Missing character: There is no 现 (U+73B0) in font [lmroman10-regular]:mapping=t
ex-text;!
Missing character: There is no 在 (U+5728) in font [lmroman10-regular]:mapping=t
ex-text;!
Missing character: There is no 考 (U+8003) in font [lmroman10-regular]:mapping=t
ex-text;!
Missing character: There is no 虑 (U+8651) in font [lmroman10-regular]:mapping=t
ex-text;!
Missing character: There is no 怎 (U+600E) in font [lmroman10-regular]:mapping=t
ex-text;!
Missing character: There is no 么 (U+4E48) in font [lmroman10-regular]:mapping=t
ex-text;!
Missing character: There is no 求 (U+6C42) in font [lmroman10-regular]:mapping=t
ex-text;!
Missing character: There is no 。 (U+3002) in font [lmroman10-regular]:mapping=t
ex-text;!
Missing character: There is no 我 (U+6211) in font [lmroman10-regular]:mapping=t
ex-text;!
Missing character: There is no 们 (U+4EEC) in font [lmroman10-regular]:mapping=t
ex-text;!
Missing character: There is no 知 (U+77E5) in font [lmroman10-regular]:mapping=t
ex-text;!
Missing character: There is no 道 (U+9053) in font [lmroman10-regular]:mapping=t
ex-text;!
Missing character: There is no 筛 (U+7B5B) in font [lmroman10-regular]:mapping=t
ex-text;!
Missing character: There is no 处 (U+5904) in font [lmroman10-regular]:mapping=t
ex-text;!
Missing character: There is no 理 (U+7406) in font [lmroman10-regular]:mapping=t
ex-text;!
Missing character: There is no 的 (U+7684) in font [lmroman10-regular]:mapping=t
ex-text;!
Missing character: There is no 一 (U+4E00) in font [lmroman10-regular]:mapping=t
ex-text;!
Missing character: There is no 般 (U+822C) in font [lmroman10-regular]:mapping=t
ex-text;!
Missing character: There is no 满 (U+6EE1) in font [lmroman10-regular]:mapping=t
ex-text;!
Missing character: There is no 足 (U+8DB3) in font [lmroman10-regular]:mapping=t
ex-text;!
Missing character: There is no 这 (U+8FD9) in font [lmroman10-regular]:mapping=t
ex-text;!
Missing character: There is no 样 (U+6837) in font [lmroman10-regular]:mapping=t
ex-text;!
Missing character: There is no 的 (U+7684) in font [lmroman10-regular]:mapping=t
ex-text;!
Missing character: There is no 性 (U+6027) in font [lmroman10-regular]:mapping=t
ex-text;!
Missing character: There is no 质 (U+8D28) in font [lmroman10-regular]:mapping=t
ex-text;!
Missing character: There is no ： (U+FF1A) in font [lmroman10-regular]:mapping=t
ex-text;!
Missing character: There is no 对 (U+5BF9) in font [lmroman10-regular]:mapping=t
ex-text;!
Missing character: There is no 于 (U+4E8E) in font [lmroman10-regular]:mapping=t
ex-text;!
Missing character: There is no 质 (U+8D28) in font [lmroman10-regular]:mapping=t
ex-text;!
Missing character: There is no 数 (U+6570) in font [lmroman10-regular]:mapping=t
ex-text;!
Missing character: There is no ， (U+FF0C) in font [lmroman10-regular]:mapping=t
ex-text;!
Missing character: There is no 有 (U+6709) in font [lmroman10-regular]:mapping=t
ex-text;!
Missing character: There is no 是 (U+662F) in font [lmroman10-regular]:mapping=t
ex-text;!
Missing character: There is no 的 (U+7684) in font [lmroman10-regular]:mapping=t
ex-text;!
Missing character: There is no 一 (U+4E00) in font [lmroman10-regular]:mapping=t
ex-text;!
Missing character: There is no 个 (U+4E2A) in font [lmroman10-regular]:mapping=t
ex-text;!
Missing character: There is no 低 (U+4F4E) in font [lmroman10-regular]:mapping=t
ex-text;!
Missing character: There is no 次 (U+6B21) in font [lmroman10-regular]:mapping=t
ex-text;!
Missing character: There is no 多 (U+591A) in font [lmroman10-regular]:mapping=t
ex-text;!
Missing character: There is no 项 (U+9879) in font [lmroman10-regular]:mapping=t
ex-text;!
Missing character: There is no 式 (U+5F0F) in font [lmroman10-regular]:mapping=t
ex-text;!
Missing character: There is no 。 (U+3002) in font [lmroman10-regular]:mapping=t
ex-text;!
Missing character: There is no 设 (U+8BBE) in font [lmroman10-regular]:mapping=t
ex-text;!
Missing character: There is no 该 (U+8BE5) in font [lmroman10-regular]:mapping=t
ex-text;!
Missing character: There is no 多 (U+591A) in font [lmroman10-regular]:mapping=t
ex-text;!
Missing character: There is no 项 (U+9879) in font [lmroman10-regular]:mapping=t
ex-text;!
Missing character: There is no 式 (U+5F0F) in font [lmroman10-regular]:mapping=t
ex-text;!
Missing character: There is no 为 (U+4E3A) in font [lmroman10-regular]:mapping=t
ex-text;!
Missing character: There is no ： (U+FF1A) in font [lmroman10-regular]:mapping=t
ex-text;!
Missing character: There is no 就 (U+5C31) in font [lmroman10-regular]:mapping=t
ex-text;!
Missing character: There is no 是 (U+662F) in font [lmroman10-regular]:mapping=t
ex-text;!
Missing character: There is no 项 (U+9879) in font [lmroman10-regular]:mapping=t
ex-text;!
Missing character: There is no 数 (U+6570) in font [lmroman10-regular]:mapping=t
ex-text;!
Missing character: There is no ， (U+FF0C) in font [lmroman10-regular]:mapping=t
ex-text;!
Missing character: There is no 严 (U+4E25) in font [lmroman10-regular]:mapping=t
ex-text;!
Missing character: There is no 格 (U+683C) in font [lmroman10-regular]:mapping=t
ex-text;!
Missing character: There is no 递 (U+9012) in font [lmroman10-regular]:mapping=t
ex-text;!
Missing character: There is no 增 (U+589E) in font [lmroman10-regular]:mapping=t
ex-text;!
Missing character: There is no 。 (U+3002) in font [lmroman10-regular]:mapping=t
ex-text;!
Missing character: There is no （ (U+FF08) in font [lmroman10-regular]:mapping=t
ex-text;!
Missing character: There is no 废 (U+5E9F) in font [lmroman10-regular]:mapping=t
ex-text;!
Missing character: There is no 话 (U+8BDD) in font [lmroman10-regular]:mapping=t
ex-text;!
Missing character: There is no ） (U+FF09) in font [lmroman10-regular]:mapping=t
ex-text;!
Missing character: There is no 由 (U+7531) in font [lmroman10-regular]:mapping=t
ex-text;!
Missing character: There is no ， (U+FF0C) in font [lmroman10-regular]:mapping=t
ex-text;!
Missing character: There is no 得 (U+5F97) in font [lmroman10-regular]:mapping=t
ex-text;!
Missing character: There is no 到 (U+5230) in font [lmroman10-regular]:mapping=t
ex-text;!
Missing character: There is no ： (U+FF1A) in font [lmroman10-regular]:mapping=t
ex-text;!
Missing character: There is no 现 (U+73B0) in font [lmroman10-regular]:mapping=t
ex-text;!
Missing character: There is no 在 (U+5728) in font [lmroman10-regular]:mapping=t
ex-text;!
Missing character: There is no 考 (U+8003) in font [lmroman10-regular]:mapping=t
ex-text;!
Missing character: There is no 虑 (U+8651) in font [lmroman10-regular]:mapping=t
ex-text;!
Missing character: There is no 对 (U+5BF9) in font [lmroman10-regular]:mapping=t
ex-text;!
Missing character: There is no 于 (U+4E8E) in font [lmroman10-regular]:mapping=t
ex-text;!
Missing character: There is no 每 (U+6BCF) in font [lmroman10-regular]:mapping=t
ex-text;!
Missing character: There is no 个 (U+4E2A) in font [lmroman10-regular]:mapping=t
ex-text;!
Missing character: There is no 求 (U+6C42) in font [lmroman10-regular]:mapping=t
ex-text;!
Missing character: There is no 贡 (U+8D21) in font [lmroman10-regular]:mapping=t
ex-text;!
Missing character: There is no 献 (U+732E) in font [lmroman10-regular]:mapping=t
ex-text;!
Missing character: There is no 。 (U+3002) in font [lmroman10-regular]:mapping=t
ex-text;!
Missing character: There is no 设 (U+8BBE) in font [lmroman10-regular]:mapping=t
ex-text;!
Missing character: There is no 为 (U+4E3A) in font [lmroman10-regular]:mapping=t
ex-text;!
Missing character: There is no ： (U+FF1A) in font [lmroman10-regular]:mapping=t
ex-text;!
Missing character: There is no ， (U+FF0C) in font [lmroman10-regular]:mapping=t
ex-text;!
Missing character: There is no 也 (U+4E5F) in font [lmroman10-regular]:mapping=t
ex-text;!
Missing character: There is no 就 (U+5C31) in font [lmroman10-regular]:mapping=t
ex-text;!
Missing character: There is no 是 (U+662F) in font [lmroman10-regular]:mapping=t
ex-text;!
Missing character: There is no 埃 (U+57C3) in font [lmroman10-regular]:mapping=t
ex-text;!
Missing character: There is no 氏 (U+6C0F) in font [lmroman10-regular]:mapping=t
ex-text;!
Missing character: There is no 筛 (U+7B5B) in font [lmroman10-regular]:mapping=t
ex-text;!
Missing character: There is no 在 (U+5728) in font [lmroman10-regular]:mapping=t
ex-text;!
Missing character: There is no 筛 (U+7B5B) in font [lmroman10-regular]:mapping=t
ex-text;!
Missing character: There is no 掉 (U+6389) in font [lmroman10-regular]:mapping=t
ex-text;!
Missing character: There is no 轮 (U+8F6E) in font [lmroman10-regular]:mapping=t
ex-text;!
Missing character: There is no 之 (U+4E4B) in font [lmroman10-regular]:mapping=t
ex-text;!
Missing character: There is no 后 (U+540E) in font [lmroman10-regular]:mapping=t
ex-text;!
Missing character: There is no 剩 (U+5269) in font [lmroman10-regular]:mapping=t
ex-text;!
Missing character: There is no 下 (U+4E0B) in font [lmroman10-regular]:mapping=t
ex-text;!
Missing character: There is no 的 (U+7684) in font [lmroman10-regular]:mapping=t
ex-text;!
Missing character: There is no 所 (U+6240) in font [lmroman10-regular]:mapping=t
ex-text;!
Missing character: There is no 有 (U+6709) in font [lmroman10-regular]:mapping=t
ex-text;!
Missing character: There is no 的 (U+7684) in font [lmroman10-regular]:mapping=t
ex-text;!
Missing character: There is no 次 (U+6B21) in font [lmroman10-regular]:mapping=t
ex-text;!
Missing character: There is no 方 (U+65B9) in font [lmroman10-regular]:mapping=t
ex-text;!
Missing character: There is no 的 (U+7684) in font [lmroman10-regular]:mapping=t
ex-text;!
Missing character: There is no 和 (U+548C) in font [lmroman10-regular]:mapping=t
ex-text;!
Missing character: There is no 。 (U+3002) in font [lmroman10-regular]:mapping=t
ex-text;!
Missing character: There is no 你 (U+4F60) in font [lmroman10-regular]:mapping=t
ex-text;!
Missing character: There is no 不 (U+4E0D) in font [lmroman10-regular]:mapping=t
ex-text;!
Missing character: There is no 会 (U+4F1A) in font [lmroman10-regular]:mapping=t
ex-text;!
Missing character: There is no 埃 (U+57C3) in font [lmroman10-regular]:mapping=t
ex-text;!
Missing character: There is no 氏 (U+6C0F) in font [lmroman10-regular]:mapping=t
ex-text;!
Missing character: There is no 筛 (U+7B5B) in font [lmroman10-regular]:mapping=t
ex-text;!
Missing character: There is no ？ (U+FF1F) in font [lmroman10-regular]:mapping=t
ex-text;!
Missing character: There is no 好 (U+597D) in font [lmroman10-regular]:mapping=t
ex-text;!
Missing character: There is no 吧 (U+5427) in font [lmroman10-regular]:mapping=t
ex-text;!
Missing character: There is no ， (U+FF0C) in font [lmroman10-regular]:mapping=t
ex-text;!
Missing character: There is no 既 (U+65E2) in font [lmroman10-bold]:mapping=tex-
text;!
Missing character: There is no 然 (U+7136) in font [lmroman10-bold]:mapping=tex-
text;!
Missing character: There is no 是 (U+662F) in font [lmroman10-bold]:mapping=tex-
text;!
Missing character: There is no 一 (U+4E00) in font [lmroman10-bold]:mapping=tex-
text;!
Missing character: There is no 篇 (U+7BC7) in font [lmroman10-bold]:mapping=tex-
text;!
Missing character: There is no 面 (U+9762) in font [lmroman10-bold]:mapping=tex-
text;!
Missing character: There is no 向 (U+5411) in font [lmroman10-bold]:mapping=tex-
text;!
Missing character: There is no 普 (U+666E) in font [lmroman10-bold]:mapping=tex-
text;!
Missing character: There is no 及 (U+53CA) in font [lmroman10-bold]:mapping=tex-
text;!
Missing character: There is no 组 (U+7EC4) in font [lmroman10-bold]:mapping=tex-
text;!
Missing character: There is no 选 (U+9009) in font [lmroman10-bold]:mapping=tex-
text;!
Missing character: There is no 手 (U+624B) in font [lmroman10-bold]:mapping=tex-
text;!
Missing character: There is no 的 (U+7684) in font [lmroman10-bold]:mapping=tex-
text;!
Missing character: There is no 博 (U+535A) in font [lmroman10-bold]:mapping=tex-
text;!
Missing character: There is no 客 (U+5BA2) in font [lmroman10-bold]:mapping=tex-
text;!
Missing character: There is no ， (U+FF0C) in font [lmroman10-regular]:mapping=t
ex-text;!
Missing character: There is no 我 (U+6211) in font [lmroman10-regular]:mapping=t
ex-text;!
Missing character: There is no 还 (U+8FD8) in font [lmroman10-regular]:mapping=t
ex-text;!
Missing character: There is no 是 (U+662F) in font [lmroman10-regular]:mapping=t
ex-text;!
Missing character: There is no 说 (U+8BF4) in font [lmroman10-regular]:mapping=t
ex-text;!
Missing character: There is no 一 (U+4E00) in font [lmroman10-regular]:mapping=t
ex-text;!
Missing character: There is no 下 (U+4E0B) in font [lmroman10-regular]:mapping=t
ex-text;!
Missing character: There is no 吧 (U+5427) in font [lmroman10-regular]:mapping=t
ex-text;!
Missing character: There is no 。 (U+3002) in font [lmroman10-regular]:mapping=t
ex-text;!
Missing character: There is no 埃 (U+57C3) in font [lmroman10-regular]:mapping=t
ex-text;!
Missing character: There is no 氏 (U+6C0F) in font [lmroman10-regular]:mapping=t
ex-text;!
Missing character: There is no 筛 (U+7B5B) in font [lmroman10-regular]:mapping=t
ex-text;!
Missing character: There is no 就 (U+5C31) in font [lmroman10-regular]:mapping=t
ex-text;!
Missing character: There is no 是 (U+662F) in font [lmroman10-regular]:mapping=t
ex-text;!
Missing character: There is no 说 (U+8BF4) in font [lmroman10-regular]:mapping=t
ex-text;!
Missing character: There is no ， (U+FF0C) in font [lmroman10-regular]:mapping=t
ex-text;!
Missing character: There is no 先 (U+5148) in font [lmroman10-regular]:mapping=t
ex-text;!
Missing character: There is no 筛 (U+7B5B) in font [lmroman10-regular]:mapping=t
ex-text;!
Missing character: There is no 掉 (U+6389) in font [lmroman10-regular]:mapping=t
ex-text;!
Missing character: There is no 的 (U+7684) in font [lmroman10-regular]:mapping=t
ex-text;!
Missing character: There is no 倍 (U+500D) in font [lmroman10-regular]:mapping=t
ex-text;!
Missing character: There is no 数 (U+6570) in font [lmroman10-regular]:mapping=t
ex-text;!
Missing character: There is no ， (U+FF0C) in font [lmroman10-regular]:mapping=t
ex-text;!
Missing character: There is no 再 (U+518D) in font [lmroman10-regular]:mapping=t
ex-text;!
Missing character: There is no 筛 (U+7B5B) in font [lmroman10-regular]:mapping=t
ex-text;!
Missing character: There is no 掉 (U+6389) in font [lmroman10-regular]:mapping=t
ex-text;!
Missing character: There is no 的 (U+7684) in font [lmroman10-regular]:mapping=t
ex-text;!
Missing character: There is no 倍 (U+500D) in font [lmroman10-regular]:mapping=t
ex-text;!
Missing character: There is no 数 (U+6570) in font [lmroman10-regular]:mapping=t
ex-text;!
Missing character: There is no ， (U+FF0C) in font [lmroman10-regular]:mapping=t
ex-text;!
Missing character: There is no 再 (U+518D) in font [lmroman10-regular]:mapping=t
ex-text;!
Missing character: There is no 筛 (U+7B5B) in font [lmroman10-regular]:mapping=t
ex-text;!
Missing character: There is no 掉 (U+6389) in font [lmroman10-regular]:mapping=t
ex-text;!
Missing character: There is no 的 (U+7684) in font [lmroman10-regular]:mapping=t
ex-text;!
Missing character: There is no 倍 (U+500D) in font [lmroman10-regular]:mapping=t
ex-text;!
Missing character: There is no 数 (U+6570) in font [lmroman10-regular]:mapping=t
ex-text;!
Missing character: There is no ， (U+FF0C) in font [lmroman10-regular]:mapping=t
ex-text;!
Missing character: There is no 以 (U+4EE5) in font [lmroman10-regular]:mapping=t
ex-text;!
Missing character: There is no 此 (U+6B64) in font [lmroman10-regular]:mapping=t
ex-text;!
Missing character: There is no 类 (U+7C7B) in font [lmroman10-regular]:mapping=t
ex-text;!
Missing character: There is no 推 (U+63A8) in font [lmroman10-regular]:mapping=t
ex-text;!
Missing character: There is no ， (U+FF0C) in font [lmroman10-regular]:mapping=t
ex-text;!
Missing character: There is no 直 (U+76F4) in font [lmroman10-regular]:mapping=t
ex-text;!
Missing character: There is no 到 (U+5230) in font [lmroman10-regular]:mapping=t
ex-text;!
Missing character: There is no 筛 (U+7B5B) in font [lmroman10-regular]:mapping=t
ex-text;!
Missing character: There is no 完 (U+5B8C) in font [lmroman10-regular]:mapping=t
ex-text;!
Missing character: There is no 小 (U+5C0F) in font [lmroman10-regular]:mapping=t
ex-text;!
Missing character: There is no 于 (U+4E8E) in font [lmroman10-regular]:mapping=t
ex-text;!
Missing character: There is no 等 (U+7B49) in font [lmroman10-regular]:mapping=t
ex-text;!
Missing character: There is no 于 (U+4E8E) in font [lmroman10-regular]:mapping=t
ex-text;!
Missing character: There is no 的 (U+7684) in font [lmroman10-regular]:mapping=t
ex-text;!
Missing character: There is no 最 (U+6700) in font [lmroman10-regular]:mapping=t
ex-text;!
Missing character: There is no 大 (U+5927) in font [lmroman10-regular]:mapping=t
ex-text;!
Missing character: There is no 质 (U+8D28) in font [lmroman10-regular]:mapping=t
ex-text;!
Missing character: There is no 数 (U+6570) in font [lmroman10-regular]:mapping=t
ex-text;!
Missing character: There is no 的 (U+7684) in font [lmroman10-regular]:mapping=t
ex-text;!
Missing character: There is no 倍 (U+500D) in font [lmroman10-regular]:mapping=t
ex-text;!
Missing character: There is no 数 (U+6570) in font [lmroman10-regular]:mapping=t
ex-text;!
Missing character: There is no 时 (U+65F6) in font [lmroman10-regular]:mapping=t
ex-text;!
Missing character: There is no ， (U+FF0C) in font [lmroman10-regular]:mapping=t
ex-text;!
Missing character: There is no 及 (U+53CA) in font [lmroman10-bold]:mapping=tex-
text;!
Missing character: There is no 以 (U+4EE5) in font [lmroman10-bold]:mapping=tex-
text;!
Missing character: There is no 下 (U+4E0B) in font [lmroman10-bold]:mapping=tex-
text;!
Missing character: There is no 没 (U+6CA1) in font [lmroman10-regular]:mapping=t
ex-text;!
Missing character: There is no 被 (U+88AB) in font [lmroman10-regular]:mapping=t
ex-text;!
Missing character: There is no 筛 (U+7B5B) in font [lmroman10-regular]:mapping=t
ex-text;!
Missing character: There is no 掉 (U+6389) in font [lmroman10-regular]:mapping=t
ex-text;!
Missing character: There is no 的 (U+7684) in font [lmroman10-regular]:mapping=t
ex-text;!
Missing character: There is no 数 (U+6570) in font [lmroman10-regular]:mapping=t
ex-text;!
Missing character: There is no 就 (U+5C31) in font [lmroman10-regular]:mapping=t
ex-text;!
Missing character: There is no 都 (U+90FD) in font [lmroman10-regular]:mapping=t
ex-text;!
Missing character: There is no 是 (U+662F) in font [lmroman10-regular]:mapping=t
ex-text;!
Missing character: There is no 质 (U+8D28) in font [lmroman10-regular]:mapping=t
ex-text;!
Missing character: There is no 数 (U+6570) in font [lmroman10-regular]:mapping=t
ex-text;!
Missing character: There is no 。 (U+3002) in font [lmroman10-regular]:mapping=t
ex-text;!
Missing character: There is no 注 (U+6CE8) in font [lmroman10-regular]:mapping=t
ex-text;!
Missing character: There is no 意 (U+610F) in font [lmroman10-regular]:mapping=t
ex-text;!
Missing character: There is no 这 (U+8FD9) in font [lmroman10-regular]:mapping=t
ex-text;!
Missing character: There is no 里 (U+91CC) in font [lmroman10-regular]:mapping=t
ex-text;!
Missing character: There is no 的 (U+7684) in font [lmroman10-regular]:mapping=t
ex-text;!
Missing character: There is no 倍 (U+500D) in font [lmroman10-regular]:mapping=t
ex-text;!
Missing character: There is no 数 (U+6570) in font [lmroman10-regular]:mapping=t
ex-text;!
Missing character: There is no 都 (U+90FD) in font [lmroman10-regular]:mapping=t
ex-text;!
Missing character: There is no 是 (U+662F) in font [lmroman10-regular]:mapping=t
ex-text;!
Missing character: There is no 大 (U+5927) in font [lmroman10-regular]:mapping=t
ex-text;!
Missing character: There is no 于 (U+4E8E) in font [lmroman10-regular]:mapping=t
ex-text;!
Missing character: There is no 的 (U+7684) in font [lmroman10-regular]:mapping=t
ex-text;!
Missing character: There is no 倍 (U+500D) in font [lmroman10-regular]:mapping=t
ex-text;!
Missing character: There is no 数 (U+6570) in font [lmroman10-regular]:mapping=t
ex-text;!
Missing character: There is no 。 (U+3002) in font [lmroman10-regular]:mapping=t
ex-text;!
Missing character: There is no 为 (U+4E3A) in font [lmroman10-regular]:mapping=t
ex-text;!
Missing character: There is no 什 (U+4EC0) in font [lmroman10-regular]:mapping=t
ex-text;!
Missing character: There is no 么 (U+4E48) in font [lmroman10-regular]:mapping=t
ex-text;!
Missing character: There is no 是 (U+662F) in font [lmroman10-regular]:mapping=t
ex-text;!
Missing character: There is no 呢 (U+5462) in font [lmroman10-regular]:mapping=t
ex-text;!
Missing character: There is no ？ (U+FF1F) in font [lmroman10-regular]:mapping=t
ex-text;!
Missing character: There is no 考 (U+8003) in font [lmroman10-regular]:mapping=t
ex-text;!
Missing character: There is no 虑 (U+8651) in font [lmroman10-regular]:mapping=t
ex-text;!
Missing character: There is no 如 (U+5982) in font [lmroman10-regular]:mapping=t
ex-text;!
Missing character: There is no 果 (U+679C) in font [lmroman10-regular]:mapping=t
ex-text;!
Missing character: There is no 有 (U+6709) in font [lmroman10-regular]:mapping=t
ex-text;!
Missing character: There is no 一 (U+4E00) in font [lmroman10-regular]:mapping=t
ex-text;!
Missing character: There is no 个 (U+4E2A) in font [lmroman10-regular]:mapping=t
ex-text;!
Missing character: There is no 以 (U+4EE5) in font [lmroman10-regular]:mapping=t
ex-text;!
Missing character: There is no 内 (U+5185) in font [lmroman10-regular]:mapping=t
ex-text;!
Missing character: There is no 有 (U+6709) in font [lmroman10-regular]:mapping=t
ex-text;!
Missing character: There is no 一 (U+4E00) in font [lmroman10-regular]:mapping=t
ex-text;!
Missing character: There is no 个 (U+4E2A) in font [lmroman10-regular]:mapping=t
ex-text;!
Missing character: There is no 合 (U+5408) in font [lmroman10-regular]:mapping=t
ex-text;!
Missing character: There is no 数 (U+6570) in font [lmroman10-regular]:mapping=t
ex-text;!
Missing character: There is no 大 (U+5927) in font [lmroman10-regular]:mapping=t
ex-text;!
Missing character: There is no 于 (U+4E8E) in font [lmroman10-regular]:mapping=t
ex-text;!
Missing character: There is no ， (U+FF0C) in font [lmroman10-regular]:mapping=t
ex-text;!
Missing character: There is no 这 (U+8FD9) in font [lmroman10-regular]:mapping=t
ex-text;!
Missing character: There is no 就 (U+5C31) in font [lmroman10-regular]:mapping=t
ex-text;!
Missing character: There is no 代 (U+4EE3) in font [lmroman10-regular]:mapping=t
ex-text;!
Missing character: There is no 表 (U+8868) in font [lmroman10-regular]:mapping=t
ex-text;!
Missing character: There is no 着 (U+7740) in font [lmroman10-regular]:mapping=t
ex-text;!
Missing character: There is no 它 (U+5B83) in font [lmroman10-regular]:mapping=t
ex-text;!
Missing character: There is no 必 (U+5FC5) in font [lmroman10-regular]:mapping=t
ex-text;!
Missing character: There is no 有 (U+6709) in font [lmroman10-regular]:mapping=t
ex-text;!
Missing character: There is no 一 (U+4E00) in font [lmroman10-regular]:mapping=t
ex-text;!
Missing character: There is no 个 (U+4E2A) in font [lmroman10-regular]:mapping=t
ex-text;!
Missing character: There is no 因 (U+56E0) in font [lmroman10-regular]:mapping=t
ex-text;!
Missing character: There is no 数 (U+6570) in font [lmroman10-regular]:mapping=t
ex-text;!
Missing character: There is no 小 (U+5C0F) in font [lmroman10-regular]:mapping=t
ex-text;!
Missing character: There is no 于 (U+4E8E) in font [lmroman10-regular]:mapping=t
ex-text;!
Missing character: There is no ， (U+FF0C) in font [lmroman10-regular]:mapping=t
ex-text;!
Missing character: There is no 所 (U+6240) in font [lmroman10-regular]:mapping=t
ex-text;!
Missing character: There is no 以 (U+4EE5) in font [lmroman10-regular]:mapping=t
ex-text;!
Missing character: There is no 它 (U+5B83) in font [lmroman10-regular]:mapping=t
ex-text;!
Missing character: There is no 一 (U+4E00) in font [lmroman10-regular]:mapping=t
ex-text;!
Missing character: There is no 定 (U+5B9A) in font [lmroman10-regular]:mapping=t
ex-text;!
Missing character: There is no 已 (U+5DF2) in font [lmroman10-regular]:mapping=t
ex-text;!
Missing character: There is no 经 (U+7ECF) in font [lmroman10-regular]:mapping=t
ex-text;!
Missing character: There is no 被 (U+88AB) in font [lmroman10-regular]:mapping=t
ex-text;!
Missing character: There is no 筛 (U+7B5B) in font [lmroman10-regular]:mapping=t
ex-text;!
Missing character: There is no 掉 (U+6389) in font [lmroman10-regular]:mapping=t
ex-text;!
Missing character: There is no 了 (U+4E86) in font [lmroman10-regular]:mapping=t
ex-text;!
Missing character: There is no 。 (U+3002) in font [lmroman10-regular]:mapping=t
ex-text;!


[4]
Missing character: There is no 你 (U+4F60) in font [lmroman10-regular]:mapping=t
ex-text;!
Missing character: There is no 忘 (U+5FD8) in font [lmroman10-regular]:mapping=t
ex-text;!
Missing character: There is no 了 (U+4E86) in font [lmroman10-regular]:mapping=t
ex-text;!
Missing character: There is no 什 (U+4EC0) in font [lmroman10-regular]:mapping=t
ex-text;!
Missing character: There is no 么 (U+4E48) in font [lmroman10-regular]:mapping=t
ex-text;!
Missing character: There is no 是 (U+662F) in font [lmroman10-regular]:mapping=t
ex-text;!
Missing character: There is no （ ("FF08) in font ectt1000!
Missing character: There is no 你 ("4F60) in font ectt1000!
Missing character: There is no 是 ("662F) in font ectt1000!
Missing character: There is no 真 ("771F) in font ectt1000!
Missing character: There is no 行 ("884C) in font ectt1000!
Missing character: There is no ） ("FF09) in font ectt1000!
Missing character: There is no 再 (U+518D) in font [lmroman10-regular]:mapping=t
ex-text;!
Missing character: There is no 提 (U+63D0) in font [lmroman10-regular]:mapping=t
ex-text;!
Missing character: There is no 一 (U+4E00) in font [lmroman10-regular]:mapping=t
ex-text;!
Missing character: There is no 遍 (U+904D) in font [lmroman10-regular]:mapping=t
ex-text;!
Missing character: There is no ， (U+FF0C) in font [lmroman10-regular]:mapping=t
ex-text;!
Missing character: There is no 就 (U+5C31) in font [lmroman10-regular]:mapping=t
ex-text;!
Missing character: There is no 是 (U+662F) in font [lmroman10-regular]:mapping=t
ex-text;!
Missing character: There is no 的 (U+7684) in font [lmroman10-regular]:mapping=t
ex-text;!
Missing character: There is no 最 (U+6700) in font [lmroman10-regular]:mapping=t
ex-text;!
Missing character: There is no 小 (U+5C0F) in font [lmroman10-regular]:mapping=t
ex-text;!
Missing character: There is no 质 (U+8D28) in font [lmroman10-regular]:mapping=t
ex-text;!
Missing character: There is no 因 (U+56E0) in font [lmroman10-regular]:mapping=t
ex-text;!
Missing character: There is no 子 (U+5B50) in font [lmroman10-regular]:mapping=t
ex-text;!
Missing character: There is no ， (U+FF0C) in font [lmroman10-regular]:mapping=t
ex-text;!
Missing character: There is no 就 (U+5C31) in font [lmroman10-regular]:mapping=t
ex-text;!
Missing character: There is no 是 (U+662F) in font [lmroman10-regular]:mapping=t
ex-text;!
Missing character: There is no 第 (U+7B2C) in font [lmroman10-regular]:mapping=t
ex-text;!
Missing character: There is no 个 (U+4E2A) in font [lmroman10-regular]:mapping=t
ex-text;!
Missing character: There is no 质 (U+8D28) in font [lmroman10-regular]:mapping=t
ex-text;!
Missing character: There is no 数 (U+6570) in font [lmroman10-regular]:mapping=t
ex-text;!
Missing character: There is no 。 (U+3002) in font [lmroman10-regular]:mapping=t
ex-text;!
Missing character: There is no 既 (U+65E2) in font [lmroman10-regular]:mapping=t
ex-text;!
Missing character: There is no 然 (U+7136) in font [lmroman10-regular]:mapping=t
ex-text;!
Missing character: There is no 这 (U+8FD9) in font [lmroman10-regular]:mapping=t
ex-text;!
Missing character: There is no 样 (U+6837) in font [lmroman10-regular]:mapping=t
ex-text;!
Missing character: There is no ， (U+FF0C) in font [lmroman10-regular]:mapping=t
ex-text;!
Missing character: There is no 我 (U+6211) in font [lmroman10-regular]:mapping=t
ex-text;!
Missing character: There is no 们 (U+4EEC) in font [lmroman10-regular]:mapping=t
ex-text;!
Missing character: There is no 就 (U+5C31) in font [lmroman10-regular]:mapping=t
ex-text;!
Missing character: There is no 可 (U+53EF) in font [lmroman10-regular]:mapping=t
ex-text;!
Missing character: There is no 以 (U+4EE5) in font [lmroman10-regular]:mapping=t
ex-text;!
Missing character: There is no 得 (U+5F97) in font [lmroman10-regular]:mapping=t
ex-text;!
Missing character: There is no 出 (U+51FA) in font [lmroman10-regular]:mapping=t
ex-text;!
Missing character: There is no ， (U+FF0C) in font [lmroman10-regular]:mapping=t
ex-text;!
Missing character: There is no 对 (U+5BF9) in font [lmroman10-regular]:mapping=t
ex-text;!
Missing character: There is no 于 (U+4E8E) in font [lmroman10-regular]:mapping=t
ex-text;!
Missing character: There is no 每 (U+6BCF) in font [lmroman10-regular]:mapping=t
ex-text;!
Missing character: There is no 个 (U+4E2A) in font [lmroman10-regular]:mapping=t
ex-text;!
Missing character: There is no ， (U+FF0C) in font [lmroman10-regular]:mapping=t
ex-text;!
Missing character: There is no 它 (U+5B83) in font [lmroman10-regular]:mapping=t
ex-text;!
Missing character: There is no 对 (U+5BF9) in font [lmroman10-regular]:mapping=t
ex-text;!
Missing character: There is no 的 (U+7684) in font [lmroman10-regular]:mapping=t
ex-text;!
Missing character: There is no 贡 (U+8D21) in font [lmroman10-regular]:mapping=t
ex-text;!
Missing character: There is no 献 (U+732E) in font [lmroman10-regular]:mapping=t
ex-text;!
Missing character: There is no 就 (U+5C31) in font [lmroman10-regular]:mapping=t
ex-text;!
Missing character: There is no 是 (U+662F) in font [lmroman10-regular]:mapping=t
ex-text;!
Missing character: There is no 。 (U+3002) in font [lmroman10-regular]:mapping=t
ex-text;!
Missing character: There is no 其 (U+5176) in font [lmroman10-regular]:mapping=t
ex-text;!
Missing character: There is no 中 (U+4E2D) in font [lmroman10-regular]:mapping=t
ex-text;!
Missing character: There is no 为 (U+4E3A) in font [lmroman10-regular]:mapping=t
ex-text;!
Missing character: There is no 小 (U+5C0F) in font [lmroman10-regular]:mapping=t
ex-text;!
Missing character: There is no 于 (U+4E8E) in font [lmroman10-regular]:mapping=t
ex-text;!
Missing character: There is no 等 (U+7B49) in font [lmroman10-regular]:mapping=t
ex-text;!
Missing character: There is no 于 (U+4E8E) in font [lmroman10-regular]:mapping=t
ex-text;!
Missing character: There is no 的 (U+7684) in font [lmroman10-regular]:mapping=t
ex-text;!
Missing character: There is no 最 (U+6700) in font [lmroman10-regular]:mapping=t
ex-text;!
Missing character: There is no 大 (U+5927) in font [lmroman10-regular]:mapping=t
ex-text;!
Missing character: There is no 质 (U+8D28) in font [lmroman10-regular]:mapping=t
ex-text;!
Missing character: There is no 数 (U+6570) in font [lmroman10-regular]:mapping=t
ex-text;!
Missing character: There is no 。 (U+3002) in font [lmroman10-regular]:mapping=t
ex-text;!
Missing character: There is no 现 (U+73B0) in font [lmroman10-regular]:mapping=t
ex-text;!
Missing character: There is no 在 (U+5728) in font [lmroman10-regular]:mapping=t
ex-text;!
Missing character: There is no 就 (U+5C31) in font [lmroman10-regular]:mapping=t
ex-text;!
Missing character: There is no 需 (U+9700) in font [lmroman10-regular]:mapping=t
ex-text;!
Missing character: There is no 要 (U+8981) in font [lmroman10-regular]:mapping=t
ex-text;!
Missing character: There is no 求 (U+6C42) in font [lmroman10-regular]:mapping=t
ex-text;!
Missing character: There is no 出 (U+51FA) in font [lmroman10-regular]:mapping=t
ex-text;!
Missing character: There is no 。 (U+3002) in font [lmroman10-regular]:mapping=t
ex-text;!
Missing character: There is no 首 (U+9996) in font [lmroman10-regular]:mapping=t
ex-text;!
Missing character: There is no 先 (U+5148) in font [lmroman10-regular]:mapping=t
ex-text;!
Missing character: There is no ， (U+FF0C) in font [lmroman10-regular]:mapping=t
ex-text;!
Missing character: There is no 根 (U+6839) in font [lmroman10-regular]:mapping=t
ex-text;!
Missing character: There is no 据 (U+636E) in font [lmroman10-regular]:mapping=t
ex-text;!
Missing character: There is no 定 (U+5B9A) in font [lmroman10-regular]:mapping=t
ex-text;!
Missing character: There is no 义 (U+4E49) in font [lmroman10-regular]:mapping=t
ex-text;!
Missing character: There is no ， (U+FF0C) in font [lmroman10-regular]:mapping=t
ex-text;!
Missing character: There is no 就 (U+5C31) in font [lmroman10-regular]:mapping=t
ex-text;!
Missing character: There is no 是 (U+662F) in font [lmroman10-regular]:mapping=t
ex-text;!
Missing character: There is no 埃 (U+57C3) in font [lmroman10-regular]:mapping=t
ex-text;!
Missing character: There is no 氏 (U+6C0F) in font [lmroman10-regular]:mapping=t
ex-text;!
Missing character: There is no 筛 (U+7B5B) in font [lmroman10-regular]:mapping=t
ex-text;!
Missing character: There is no 在 (U+5728) in font [lmroman10-regular]:mapping=t
ex-text;!
Missing character: There is no 筛 (U+7B5B) in font [lmroman10-regular]:mapping=t
ex-text;!
Missing character: There is no 掉 (U+6389) in font [lmroman10-regular]:mapping=t
ex-text;!
Missing character: There is no 轮 (U+8F6E) in font [lmroman10-regular]:mapping=t
ex-text;!
Missing character: There is no 之 (U+4E4B) in font [lmroman10-regular]:mapping=t
ex-text;!
Missing character: There is no 后 (U+540E) in font [lmroman10-regular]:mapping=t
ex-text;!
Missing character: There is no 剩 (U+5269) in font [lmroman10-regular]:mapping=t
ex-text;!
Missing character: There is no 下 (U+4E0B) in font [lmroman10-regular]:mapping=t
ex-text;!
Missing character: There is no 的 (U+7684) in font [lmroman10-regular]:mapping=t
ex-text;!
Missing character: There is no 所 (U+6240) in font [lmroman10-regular]:mapping=t
ex-text;!
Missing character: There is no 有 (U+6709) in font [lmroman10-regular]:mapping=t
ex-text;!
Missing character: There is no 的 (U+7684) in font [lmroman10-regular]:mapping=t
ex-text;!
Missing character: There is no 次 (U+6B21) in font [lmroman10-regular]:mapping=t
ex-text;!
Missing character: There is no 方 (U+65B9) in font [lmroman10-regular]:mapping=t
ex-text;!
Missing character: There is no 的 (U+7684) in font [lmroman10-regular]:mapping=t
ex-text;!
Missing character: There is no 和 (U+548C) in font [lmroman10-regular]:mapping=t
ex-text;!
Missing character: There is no 。 (U+3002) in font [lmroman10-regular]:mapping=t
ex-text;!
Missing character: There is no 我 (U+6211) in font [lmroman10-regular]:mapping=t
ex-text;!
Missing character: There is no 们 (U+4EEC) in font [lmroman10-regular]:mapping=t
ex-text;!
Missing character: There is no 就 (U+5C31) in font [lmroman10-regular]:mapping=t
ex-text;!
Missing character: There is no 需 (U+9700) in font [lmroman10-regular]:mapping=t
ex-text;!
Missing character: There is no 要 (U+8981) in font [lmroman10-regular]:mapping=t
ex-text;!
Missing character: There is no 考 (U+8003) in font [lmroman10-regular]:mapping=t
ex-text;!
Missing character: There is no 虑 (U+8651) in font [lmroman10-regular]:mapping=t
ex-text;!
Missing character: There is no 第 (U+7B2C) in font [lmroman10-regular]:mapping=t
ex-text;!
Missing character: There is no 轮 (U+8F6E) in font [lmroman10-regular]:mapping=t
ex-text;!
Missing character: There is no 筛 (U+7B5B) in font [lmroman10-regular]:mapping=t
ex-text;!
Missing character: There is no 完 (U+5B8C) in font [lmroman10-regular]:mapping=t
ex-text;!
Missing character: There is no 之 (U+4E4B) in font [lmroman10-regular]:mapping=t
ex-text;!
Missing character: There is no 后 (U+540E) in font [lmroman10-regular]:mapping=t
ex-text;!
Missing character: There is no 让 (U+8BA9) in font [lmroman10-regular]:mapping=t
ex-text;!
Missing character: There is no 的 (U+7684) in font [lmroman10-regular]:mapping=t
ex-text;!
Missing character: There is no 值 (U+503C) in font [lmroman10-regular]:mapping=t
ex-text;!
Missing character: There is no 减 (U+51CF) in font [lmroman10-regular]:mapping=t
ex-text;!
Missing character: There is no 去 (U+53BB) in font [lmroman10-regular]:mapping=t
ex-text;!
Missing character: There is no 了 (U+4E86) in font [lmroman10-regular]:mapping=t
ex-text;!
Missing character: There is no 多 (U+591A) in font [lmroman10-regular]:mapping=t
ex-text;!
Missing character: There is no 少 (U+5C11) in font [lmroman10-regular]:mapping=t
ex-text;!
Missing character: There is no 。 (U+3002) in font [lmroman10-regular]:mapping=t
ex-text;!
Missing character: There is no 我 (U+6211) in font [lmroman10-regular]:mapping=t
ex-text;!
Missing character: There is no 们 (U+4EEC) in font [lmroman10-regular]:mapping=t
ex-text;!
Missing character: There is no 知 (U+77E5) in font [lmroman10-regular]:mapping=t
ex-text;!
Missing character: There is no 道 (U+9053) in font [lmroman10-regular]:mapping=t
ex-text;!
Missing character: There is no 第 (U+7B2C) in font [lmroman10-regular]:mapping=t
ex-text;!
Missing character: There is no 轮 (U+8F6E) in font [lmroman10-regular]:mapping=t
ex-text;!
Missing character: There is no 一 (U+4E00) in font [lmroman10-regular]:mapping=t
ex-text;!
Missing character: There is no 定 (U+5B9A) in font [lmroman10-regular]:mapping=t
ex-text;!
Missing character: There is no 筛 (U+7B5B) in font [lmroman10-regular]:mapping=t
ex-text;!
Missing character: There is no 去 (U+53BB) in font [lmroman10-regular]:mapping=t
ex-text;!
Missing character: There is no 了 (U+4E86) in font [lmroman10-regular]:mapping=t
ex-text;!
Missing character: There is no 的 (U+7684) in font [lmroman10-regular]:mapping=t
ex-text;!
Missing character: There is no 倍 (U+500D) in font [lmroman10-regular]:mapping=t
ex-text;!
Missing character: There is no 数 (U+6570) in font [lmroman10-regular]:mapping=t
ex-text;!
Missing character: There is no 而 (U+800C) in font [lmroman10-regular]:mapping=t
ex-text;!
Missing character: There is no 且 (U+4E14) in font [lmroman10-regular]:mapping=t
ex-text;!
Missing character: There is no 。 (U+3002) in font [lmroman10-regular]:mapping=t
ex-text;!
Missing character: There is no 这 (U+8FD9) in font [lmroman10-regular]:mapping=t
ex-text;!
Missing character: There is no 个 (U+4E2A) in font [lmroman10-regular]:mapping=t
ex-text;!
Missing character: There is no 减 (U+51CF) in font [lmroman10-regular]:mapping=t
ex-text;!
Missing character: There is no 去 (U+53BB) in font [lmroman10-regular]:mapping=t
ex-text;!
Missing character: There is no 的 (U+7684) in font [lmroman10-regular]:mapping=t
ex-text;!
Missing character: There is no 量 (U+91CF) in font [lmroman10-regular]:mapping=t
ex-text;!
Missing character: There is no 就 (U+5C31) in font [lmroman10-regular]:mapping=t
ex-text;!
Missing character: There is no 是 (U+662F) in font [lmroman10-regular]:mapping=t
ex-text;!
Missing character: There is no ： (U+FF1A) in font [lmroman10-regular]:mapping=t
ex-text;!
Missing character: There is no （ (U+FF08) in font [lmroman10-regular]:mapping=t
ex-text;!
Missing character: There is no 开 (U+5F00) in font [lmroman10-regular]:mapping=t
ex-text;!
Missing character: There is no 始 (U+59CB) in font [lmroman10-regular]:mapping=t
ex-text;!
Missing character: There is no 推 (U+63A8) in font [lmroman10-regular]:mapping=t
ex-text;!
Missing character: There is no 式 (U+5F0F) in font [lmroman10-regular]:mapping=t
ex-text;!
Missing character: There is no 子 (U+5B50) in font [lmroman10-regular]:mapping=t
ex-text;!
Missing character: There is no ） (U+FF09) in font [lmroman10-regular]:mapping=t
ex-text;!
Missing character: There is no 你 (U+4F60) in font [lmroman10-regular]:mapping=t
ex-text;!
Missing character: There is no 一 (U+4E00) in font [lmroman10-regular]:mapping=t
ex-text;!
Missing character: There is no 定 (U+5B9A) in font [lmroman10-regular]:mapping=t
ex-text;!
Missing character: There is no 会 (U+4F1A) in font [lmroman10-regular]:mapping=t
ex-text;!
Missing character: There is no 觉 (U+89C9) in font [lmroman10-regular]:mapping=t
ex-text;!
Missing character: There is no 得 (U+5F97) in font [lmroman10-regular]:mapping=t
ex-text;!
Missing character: There is no 这 (U+8FD9) in font [lmroman10-regular]:mapping=t
ex-text;!
Missing character: There is no 个 (U+4E2A) in font [lmroman10-regular]:mapping=t
ex-text;!
Missing character: There is no 式 (U+5F0F) in font [lmroman10-regular]:mapping=t
ex-text;!
Missing character: There is no 子 (U+5B50) in font [lmroman10-regular]:mapping=t
ex-text;!
Missing character: There is no 有 (U+6709) in font [lmroman10-regular]:mapping=t
ex-text;!
Missing character: There is no 问 (U+95EE) in font [lmroman10-regular]:mapping=t
ex-text;!
Missing character: There is no 题 (U+9898) in font [lmroman10-regular]:mapping=t
ex-text;!
Missing character: There is no ， (U+FF0C) in font [lmroman10-regular]:mapping=t
ex-text;!
Missing character: There is no 或 (U+6216) in font [lmroman10-regular]:mapping=t
ex-text;!
Missing character: There is no 是 (U+662F) in font [lmroman10-regular]:mapping=t
ex-text;!
Missing character: There is no 看 (U+770B) in font [lmroman10-regular]:mapping=t
ex-text;!
Missing character: There is no 不 (U+4E0D) in font [lmroman10-regular]:mapping=t
ex-text;!
Missing character: There is no 懂 (U+61C2) in font [lmroman10-regular]:mapping=t
ex-text;!
Missing character: There is no ， (U+FF0C) in font [lmroman10-regular]:mapping=t
ex-text;!
Missing character: There is no 对 (U+5BF9) in font [lmroman10-regular]:mapping=t
ex-text;!
Missing character: There is no 吧 (U+5427) in font [lmroman10-regular]:mapping=t
ex-text;!
Missing character: There is no ？ (U+FF1F) in font [lmroman10-regular]:mapping=t
ex-text;!
Missing character: There is no 这 (U+8FD9) in font [lmroman10-bold]:mapping=tex-
text;!
Missing character: There is no 个 (U+4E2A) in font [lmroman10-bold]:mapping=tex-
text;!
Missing character: There is no 式 (U+5F0F) in font [lmroman10-bold]:mapping=tex-
text;!
Missing character: There is no 子 (U+5B50) in font [lmroman10-bold]:mapping=tex-
text;!
Missing character: There is no 真 (U+771F) in font [lmroman10-bold]:mapping=tex-
text;!
Missing character: There is no 对 (U+5BF9) in font [lmroman10-bold]:mapping=tex-
text;!
Missing character: There is no 吗 (U+5417) in font [lmroman10-bold]:mapping=tex-
text;!
Missing character: There is no ？ (U+FF1F) in font [lmroman10-bold]:mapping=tex-
text;!
Missing character: There is no 首 (U+9996) in font [lmroman10-regular]:mapping=t
ex-text;!
Missing character: There is no 先 (U+5148) in font [lmroman10-regular]:mapping=t
ex-text;!
Missing character: There is no ， (U+FF0C) in font [lmroman10-regular]:mapping=t
ex-text;!
Missing character: There is no 这 (U+8FD9) in font [lmroman10-regular]:mapping=t
ex-text;!
Missing character: There is no 个 (U+4E2A) in font [lmroman10-regular]:mapping=t
ex-text;!
Missing character: There is no 式 (U+5F0F) in font [lmroman10-regular]:mapping=t
ex-text;!
Missing character: There is no 子 (U+5B50) in font [lmroman10-regular]:mapping=t
ex-text;!
Missing character: There is no 的 (U+7684) in font [lmroman10-regular]:mapping=t
ex-text;!
Missing character: There is no 意 (U+610F) in font [lmroman10-regular]:mapping=t
ex-text;!
Missing character: There is no 思 (U+601D) in font [lmroman10-regular]:mapping=t
ex-text;!
Missing character: There is no 是 (U+662F) in font [lmroman10-regular]:mapping=t
ex-text;!
Missing character: There is no ： (U+FF1A) in font [lmroman10-regular]:mapping=t
ex-text;!
Missing character: There is no 对 (U+5BF9) in font [lmroman10-regular]:mapping=t
ex-text;!
Missing character: There is no 于 (U+4E8E) in font [lmroman10-regular]:mapping=t
ex-text;!
Missing character: There is no 以 (U+4EE5) in font [lmroman10-regular]:mapping=t
ex-text;!
Missing character: There is no 内 (U+5185) in font [lmroman10-regular]:mapping=t
ex-text;!
Missing character: There is no 所 (U+6240) in font [lmroman10-regular]:mapping=t
ex-text;!
Missing character: There is no 有 (U+6709) in font [lmroman10-regular]:mapping=t
ex-text;!
Missing character: There is no 的 (U+7684) in font [lmroman10-regular]:mapping=t
ex-text;!
Missing character: There is no 的 (U+7684) in font [lmroman10-regular]:mapping=t
ex-text;!
Missing character: There is no 倍 (U+500D) in font [lmroman10-regular]:mapping=t
ex-text;!
Missing character: There is no 数 (U+6570) in font [lmroman10-regular]:mapping=t
ex-text;!
Missing character: There is no ， (U+FF0C) in font [lmroman10-regular]:mapping=t
ex-text;!
Missing character: There is no 若 (U+82E5) in font [lmroman10-regular]:mapping=t
ex-text;!
Missing character: There is no 大 (U+5927) in font [lmroman10-bold]:mapping=tex-
text;!
Missing character: There is no 于 (U+4E8E) in font [lmroman10-bold]:mapping=tex-
text;!
Missing character: There is no 等 (U+7B49) in font [lmroman10-bold]:mapping=tex-
text;!
Missing character: There is no 于 (U+4E8E) in font [lmroman10-bold]:mapping=tex-
text;!
Missing character: There is no （ (U+FF08) in font [lmroman10-regular]:mapping=t
ex-text;!
Missing character: There is no 这 (U+8FD9) in font [lmroman10-regular]:mapping=t
ex-text;!
Missing character: There is no 就 (U+5C31) in font [lmroman10-regular]:mapping=t
ex-text;!
Missing character: There is no 代 (U+4EE3) in font [lmroman10-regular]:mapping=t
ex-text;!
Missing character: There is no 表 (U+8868) in font [lmroman10-regular]:mapping=t
ex-text;!
Missing character: There is no 也 (U+4E5F) in font [lmroman10-regular]:mapping=t
ex-text;!
Missing character: There is no 大 (U+5927) in font [lmroman10-regular]:mapping=t
ex-text;!
Missing character: There is no 于 (U+4E8E) in font [lmroman10-regular]:mapping=t
ex-text;!
Missing character: There is no 等 (U+7B49) in font [lmroman10-regular]:mapping=t
ex-text;!
Missing character: There is no 于 (U+4E8E) in font [lmroman10-regular]:mapping=t
ex-text;!
Missing character: There is no ） (U+FF09) in font [lmroman10-regular]:mapping=t
ex-text;!
Missing character: There is no 或 (U+6216) in font [lmroman10-regular]:mapping=t
ex-text;!
Missing character: There is no 者 (U+8005) in font [lmroman10-regular]:mapping=t
ex-text;!
Missing character: There is no 是 (U+662F) in font [lmroman10-regular]:mapping=t
ex-text;!
Missing character: There is no 是 (U+662F) in font [lmroman10-regular]:mapping=t
ex-text;!
Missing character: There is no 的 (U+7684) in font [lmroman10-regular]:mapping=t
ex-text;!
Missing character: There is no 质 (U+8D28) in font [lmroman10-regular]:mapping=t
ex-text;!
Missing character: There is no 数 (U+6570) in font [lmroman10-regular]:mapping=t
ex-text;!
Missing character: There is no 倍 (U+500D) in font [lmroman10-regular]:mapping=t
ex-text;!
Missing character: There is no ， (U+FF0C) in font [lmroman10-regular]:mapping=t
ex-text;!
Missing character: There is no 那 (U+90A3) in font [lmroman10-regular]:mapping=t
ex-text;!
Missing character: There is no 么 (U+4E48) in font [lmroman10-regular]:mapping=t
ex-text;!
Missing character: There is no 答 (U+7B54) in font [lmroman10-regular]:mapping=t
ex-text;!
Missing character: There is no 案 (U+6848) in font [lmroman10-regular]:mapping=t
ex-text;!
Missing character: There is no 加 (U+52A0) in font [lmroman10-regular]:mapping=t
ex-text;!
Missing character: There is no 上 (U+4E0A) in font [lmroman10-regular]:mapping=t
ex-text;!
Missing character: There is no ， (U+FF0C) in font [lmroman10-regular]:mapping=t
ex-text;!
Missing character: There is no 这 (U+8FD9) in font [lmroman10-regular]:mapping=t
ex-text;!
Missing character: There is no 就 (U+5C31) in font [lmroman10-regular]:mapping=t
ex-text;!
Missing character: There is no 是 (U+662F) in font [lmroman10-regular]:mapping=t
ex-text;!
Missing character: There is no 相 (U+76F8) in font [lmroman10-regular]:mapping=t
ex-text;!
Missing character: There is no 对 (U+5BF9) in font [lmroman10-regular]:mapping=t
ex-text;!
Missing character: There is no 于 (U+4E8E) in font [lmroman10-regular]:mapping=t
ex-text;!
Missing character: There is no 所 (U+6240) in font [lmroman10-regular]:mapping=t
ex-text;!
Missing character: There is no 减 (U+51CF) in font [lmroman10-regular]:mapping=t
ex-text;!
Missing character: There is no 去 (U+53BB) in font [lmroman10-regular]:mapping=t
ex-text;!
Missing character: There is no 的 (U+7684) in font [lmroman10-regular]:mapping=t
ex-text;!
Missing character: There is no 量 (U+91CF) in font [lmroman10-regular]:mapping=t
ex-text;!
Missing character: There is no 。 (U+3002) in font [lmroman10-regular]:mapping=t
ex-text;!
Missing character: There is no 乍 (U+4E4D) in font [lmroman10-regular]:mapping=t
ex-text;!
Missing character: There is no 一 (U+4E00) in font [lmroman10-regular]:mapping=t
ex-text;!
Missing character: There is no 看 (U+770B) in font [lmroman10-regular]:mapping=t
ex-text;!
Missing character: There is no ， (U+FF0C) in font [lmroman10-regular]:mapping=t
ex-text;!
Missing character: There is no 好 (U+597D) in font [lmroman10-regular]:mapping=t
ex-text;!
Missing character: There is no 像 (U+50CF) in font [lmroman10-regular]:mapping=t
ex-text;!
Missing character: There is no 没 (U+6CA1) in font [lmroman10-regular]:mapping=t
ex-text;!
Missing character: There is no 问 (U+95EE) in font [lmroman10-regular]:mapping=t
ex-text;!
Missing character: There is no 题 (U+9898) in font [lmroman10-regular]:mapping=t
ex-text;!
Missing character: There is no 啊 (U+554A) in font [lmroman10-regular]:mapping=t
ex-text;!
Missing character: There is no ， (U+FF0C) in font [lmroman10-regular]:mapping=t
ex-text;!
Missing character: There is no 就 (U+5C31) in font [lmroman10-regular]:mapping=t
ex-text;!
Missing character: There is no 是 (U+662F) in font [lmroman10-regular]:mapping=t
ex-text;!
Missing character: There is no 埃 (U+57C3) in font [lmroman10-regular]:mapping=t
ex-text;!
Missing character: There is no 氏 (U+6C0F) in font [lmroman10-regular]:mapping=t
ex-text;!
Missing character: There is no 筛 (U+7B5B) in font [lmroman10-regular]:mapping=t
ex-text;!
Missing character: There is no 第 (U+7B2C) in font [lmroman10-regular]:mapping=t
ex-text;!
Missing character: There is no 轮 (U+8F6E) in font [lmroman10-regular]:mapping=t
ex-text;!
Missing character: There is no 所 (U+6240) in font [lmroman10-regular]:mapping=t
ex-text;!
Missing character: There is no 筛 (U+7B5B) in font [lmroman10-regular]:mapping=t
ex-text;!
Missing character: There is no 出 (U+51FA) in font [lmroman10-regular]:mapping=t
ex-text;!
Missing character: There is no 的 (U+7684) in font [lmroman10-regular]:mapping=t
ex-text;!
Missing character: There is no 数 (U+6570) in font [lmroman10-regular]:mapping=t
ex-text;!
Missing character: There is no 的 (U+7684) in font [lmroman10-regular]:mapping=t
ex-text;!
Missing character: There is no 次 (U+6B21) in font [lmroman10-regular]:mapping=t
ex-text;!
Missing character: There is no 方 (U+65B9) in font [lmroman10-regular]:mapping=t
ex-text;!
Missing character: There is no 的 (U+7684) in font [lmroman10-regular]:mapping=t
ex-text;!
Missing character: There is no 和 (U+548C) in font [lmroman10-regular]:mapping=t
ex-text;!
Missing character: There is no 啊 (U+554A) in font [lmroman10-regular]:mapping=t
ex-text;!
Missing character: There is no ， (U+FF0C) in font [lmroman10-regular]:mapping=t
ex-text;!
Missing character: There is no 仔 (U+4ED4) in font [lmroman10-regular]:mapping=t
ex-text;!
Missing character: There is no 细 (U+7EC6) in font [lmroman10-regular]:mapping=t
ex-text;!
Missing character: There is no 一 (U+4E00) in font [lmroman10-regular]:mapping=t
ex-text;!
Missing character: There is no 想 (U+60F3) in font [lmroman10-regular]:mapping=t
ex-text;!
Missing character: There is no ， (U+FF0C) in font [lmroman10-regular]:mapping=t
ex-text;!
Missing character: There is no 不 (U+4E0D) in font [lmroman10-regular]:mapping=t
ex-text;!
Missing character: There is no 对 (U+5BF9) in font [lmroman10-regular]:mapping=t
ex-text;!
Missing character: There is no 劲 (U+52B2) in font [lmroman10-regular]:mapping=t
ex-text;!
Missing character: There is no ， (U+FF0C) in font [lmroman10-regular]:mapping=t
ex-text;!
Missing character: There is no 如 (U+5982) in font [lmroman10-regular]:mapping=t
ex-text;!
Missing character: There is no 果 (U+679C) in font [lmroman10-regular]:mapping=t
ex-text;!
Missing character: There is no 是 (U+662F) in font [lmroman10-regular]:mapping=t
ex-text;!
Missing character: There is no 的 (U+7684) in font [lmroman10-regular]:mapping=t
ex-text;!
Missing character: There is no 质 (U+8D28) in font [lmroman10-regular]:mapping=t
ex-text;!
Missing character: There is no 数 (U+6570) in font [lmroman10-regular]:mapping=t
ex-text;!
Missing character: There is no 倍 (U+500D) in font [lmroman10-regular]:mapping=t
ex-text;!
Missing character: There is no ， (U+FF0C) in font [lmroman10-regular]:mapping=t
ex-text;!
Missing character: There is no 且 (U+4E14) in font [lmroman10-regular]:mapping=t
ex-text;!
Missing character: There is no 这 (U+8FD9) in font [lmroman10-regular]:mapping=t
ex-text;!
Missing character: There is no 个 (U+4E2A) in font [lmroman10-regular]:mapping=t
ex-text;!
Missing character: There is no 质 (U+8D28) in font [lmroman10-regular]:mapping=t
ex-text;!
Missing character: There is no 数 (U+6570) in font [lmroman10-regular]:mapping=t
ex-text;!
Missing character: There is no 小 (U+5C0F) in font [lmroman10-regular]:mapping=t
ex-text;!
Missing character: There is no 于 (U+4E8E) in font [lmroman10-regular]:mapping=t
ex-text;!
Missing character: There is no ， (U+FF0C) in font [lmroman10-regular]:mapping=t
ex-text;!
Missing character: There is no 那 (U+90A3) in font [lmroman10-regular]:mapping=t
ex-text;!
Missing character: There is no 么 (U+4E48) in font [lmroman10-regular]:mapping=t
ex-text;!
Missing character: There is no 应 (U+5E94) in font [lmroman10-regular]:mapping=t
ex-text;!
Missing character: There is no 该 (U+8BE5) in font [lmroman10-regular]:mapping=t
ex-text;!
Missing character: There is no 在 (U+5728) in font [lmroman10-regular]:mapping=t
ex-text;!
Missing character: There is no 之 (U+4E4B) in font [lmroman10-regular]:mapping=t
ex-text;!
Missing character: There is no 前 (U+524D) in font [lmroman10-regular]:mapping=t
ex-text;!
Missing character: There is no 就 (U+5C31) in font [lmroman10-regular]:mapping=t
ex-text;!
Missing character: There is no 被 (U+88AB) in font [lmroman10-regular]:mapping=t
ex-text;!
Missing character: There is no 筛 (U+7B5B) in font [lmroman10-regular]:mapping=t
ex-text;!
Missing character: There is no 掉 (U+6389) in font [lmroman10-regular]:mapping=t
ex-text;!
Missing character: There is no 了 (U+4E86) in font [lmroman10-regular]:mapping=t
ex-text;!
Missing character: There is no ， (U+FF0C) in font [lmroman10-regular]:mapping=t
ex-text;!
Missing character: There is no 怎 (U+600E) in font [lmroman10-regular]:mapping=t
ex-text;!
Missing character: There is no 么 (U+4E48) in font [lmroman10-regular]:mapping=t
ex-text;!
Missing character: There is no 会 (U+4F1A) in font [lmroman10-regular]:mapping=t
ex-text;!
Missing character: There is no 留 (U+7559) in font [lmroman10-regular]:mapping=t
ex-text;!
Missing character: There is no 到 (U+5230) in font [lmroman10-regular]:mapping=t
ex-text;!
Missing character: There is no 现 (U+73B0) in font [lmroman10-regular]:mapping=t
ex-text;!
Missing character: There is no 在 (U+5728) in font [lmroman10-regular]:mapping=t
ex-text;!
Missing character: There is no 呢 (U+5462) in font [lmroman10-regular]:mapping=t
ex-text;!
Missing character: There is no ？ (U+FF1F) in font [lmroman10-regular]:mapping=t
ex-text;!
Missing character: There is no 所 (U+6240) in font [lmroman10-regular]:mapping=t
ex-text;!
Missing character: There is no 以 (U+4EE5) in font [lmroman10-regular]:mapping=t
ex-text;!
Missing character: There is no 说 (U+8BF4) in font [lmroman10-regular]:mapping=t
ex-text;!
Missing character: There is no 这 (U+8FD9) in font [lmroman10-regular]:mapping=t
ex-text;!
Missing character: There is no 个 (U+4E2A) in font [lmroman10-regular]:mapping=t
ex-text;!
Missing character: There is no 式 (U+5F0F) in font [lmroman10-regular]:mapping=t
ex-text;!
Missing character: There is no 子 (U+5B50) in font [lmroman10-regular]:mapping=t
ex-text;!
Missing character: There is no 减 (U+51CF) in font [lmroman10-regular]:mapping=t
ex-text;!
Missing character: There is no 多 (U+591A) in font [lmroman10-regular]:mapping=t
ex-text;!
Missing character: There is no 了 (U+4E86) in font [lmroman10-regular]:mapping=t
ex-text;!
Missing character: There is no 。 (U+3002) in font [lmroman10-regular]:mapping=t
ex-text;!
Missing character: There is no 怎 (U+600E) in font [lmroman10-regular]:mapping=t
ex-text;!
Missing character: There is no 么 (U+4E48) in font [lmroman10-regular]:mapping=t
ex-text;!
Missing character: There is no 把 (U+628A) in font [lmroman10-regular]:mapping=t
ex-text;!
Missing character: There is no 这 (U+8FD9) in font [lmroman10-regular]:mapping=t
ex-text;!
Missing character: There is no 个 (U+4E2A) in font [lmroman10-regular]:mapping=t
ex-text;!
Missing character: There is no 式 (U+5F0F) in font [lmroman10-regular]:mapping=t
ex-text;!
Missing character: There is no 子 (U+5B50) in font [lmroman10-regular]:mapping=t
ex-text;!
Missing character: There is no 加 (U+52A0) in font [lmroman10-regular]:mapping=t
ex-text;!
Missing character: There is no 回 (U+56DE) in font [lmroman10-regular]:mapping=t
ex-text;!
Missing character: There is no 来 (U+6765) in font [lmroman10-regular]:mapping=t
ex-text;!
Missing character: There is no 呢 (U+5462) in font [lmroman10-regular]:mapping=t
ex-text;!
Missing character: There is no ？ (U+FF1F) in font [lmroman10-regular]:mapping=t
ex-text;!
Missing character: There is no 我 (U+6211) in font [lmroman10-regular]:mapping=t
ex-text;!
Missing character: There is no 们 (U+4EEC) in font [lmroman10-regular]:mapping=t
ex-text;!
Missing character: There is no 发 (U+53D1) in font [lmroman10-regular]:mapping=t
ex-text;!
Missing character: There is no 现 (U+73B0) in font [lmroman10-regular]:mapping=t
ex-text;!
Missing character: There is no ， (U+FF0C) in font [lmroman10-regular]:mapping=t
ex-text;!
Missing character: There is no 减 (U+51CF) in font [lmroman10-regular]:mapping=t
ex-text;!
Missing character: There is no 多 (U+591A) in font [lmroman10-regular]:mapping=t
ex-text;!
Missing character: There is no 了 (U+4E86) in font [lmroman10-regular]:mapping=t
ex-text;!
Missing character: There is no 的 (U+7684) in font [lmroman10-regular]:mapping=t
ex-text;!
Missing character: There is no 数 (U+6570) in font [lmroman10-regular]:mapping=t
ex-text;!
Missing character: There is no 都 (U+90FD) in font [lmroman10-regular]:mapping=t
ex-text;!
Missing character: There is no 可 (U+53EF) in font [lmroman10-regular]:mapping=t
ex-text;!
Missing character: There is no 以 (U+4EE5) in font [lmroman10-regular]:mapping=t
ex-text;!
Missing character: There is no 被 (U+88AB) in font [lmroman10-regular]:mapping=t
ex-text;!
Missing character: There is no 表 (U+8868) in font [lmroman10-regular]:mapping=t
ex-text;!
Missing character: There is no 示 (U+793A) in font [lmroman10-regular]:mapping=t
ex-text;!
Missing character: There is no 成 (U+6210) in font [lmroman10-regular]:mapping=t
ex-text;!
Missing character: There is no 如 (U+5982) in font [lmroman10-regular]:mapping=t
ex-text;!
Missing character: There is no 下 (U+4E0B) in font [lmroman10-regular]:mapping=t
ex-text;!
Missing character: There is no 式 (U+5F0F) in font [lmroman10-regular]:mapping=t
ex-text;!
Missing character: There is no 子 (U+5B50) in font [lmroman10-regular]:mapping=t
ex-text;!
Missing character: There is no ： (U+FF1A) in font [lmroman10-regular]:mapping=t
ex-text;!
Missing character: There is no ， (U+FF0C) in font [lmroman10-regular]:mapping=t
ex-text;!
Missing character: There is no 其 (U+5176) in font [lmroman10-regular]:mapping=t
ex-text;!
Missing character: There is no 中 (U+4E2D) in font [lmroman10-regular]:mapping=t
ex-text;!
Missing character: There is no 。 (U+3002) in font [lmroman10-regular]:mapping=t
ex-text;!
Missing character: There is no 那 (U+90A3) in font [lmroman10-regular]:mapping=t
ex-text;!
Missing character: There is no 我 (U+6211) in font [lmroman10-regular]:mapping=t
ex-text;!
Missing character: There is no 们 (U+4EEC) in font [lmroman10-regular]:mapping=t
ex-text;!
Missing character: There is no 就 (U+5C31) in font [lmroman10-regular]:mapping=t
ex-text;!
Missing character: There is no 枚 (U+679A) in font [lmroman10-regular]:mapping=t
ex-text;!
Missing character: There is no 举 (U+4E3E) in font [lmroman10-regular]:mapping=t
ex-text;!
Missing character: There is no 及 (U+53CA) in font [lmroman10-regular]:mapping=t
ex-text;!
Missing character: There is no 以 (U+4EE5) in font [lmroman10-regular]:mapping=t
ex-text;!
Missing character: There is no 内 (U+5185) in font [lmroman10-regular]:mapping=t
ex-text;!
Missing character: There is no 的 (U+7684) in font [lmroman10-regular]:mapping=t
ex-text;!
Missing character: There is no 数 (U+6570) in font [lmroman10-regular]:mapping=t
ex-text;!
Missing character: There is no ： (U+FF1A) in font [lmroman10-regular]:mapping=t
ex-text;!
Missing character: There is no 我 (U+6211) in font [lmroman10-regular]:mapping=t
ex-text;!
Missing character: There is no 们 (U+4EEC) in font [lmroman10-regular]:mapping=t
ex-text;!
Missing character: There is no 发 (U+53D1) in font [lmroman10-regular]:mapping=t
ex-text;!
Missing character: There is no 现 (U+73B0) in font [lmroman10-regular]:mapping=t
ex-text;!
Missing character: There is no 不 (U+4E0D) in font [lmroman10-regular]:mapping=t
ex-text;!
Missing character: There is no 可 (U+53EF) in font [lmroman10-regular]:mapping=t
ex-text;!
Missing character: There is no 能 (U+80FD) in font [lmroman10-regular]:mapping=t
ex-text;!
Missing character: There is no 小 (U+5C0F) in font [lmroman10-regular]:mapping=t
ex-text;!
Missing character: There is no 于 (U+4E8E) in font [lmroman10-regular]:mapping=t
ex-text;!
Missing character: There is no ， (U+FF0C) in font [lmroman10-regular]:mapping=t
ex-text;!
Missing character: There is no 所 (U+6240) in font [lmroman10-regular]:mapping=t
ex-text;!
Missing character: There is no 以 (U+4EE5) in font [lmroman10-regular]:mapping=t
ex-text;!
Missing character: There is no 原 (U+539F) in font [lmroman10-regular]:mapping=t
ex-text;!
Missing character: There is no 式 (U+5F0F) in font [lmroman10-regular]:mapping=t
ex-text;!
Missing character: There is no 就 (U+5C31) in font [lmroman10-regular]:mapping=t
ex-text;!
Missing character: There is no 是 (U+662F) in font [lmroman10-regular]:mapping=t
ex-text;!
Missing character: There is no ： (U+FF1A) in font [lmroman10-regular]:mapping=t
ex-text;!
Missing character: There is no 这 (U+8FD9) in font [lmroman10-regular]:mapping=t
ex-text;!
Missing character: There is no 就 (U+5C31) in font [lmroman10-regular]:mapping=t
ex-text;!
Missing character: There is no 是 (U+662F) in font [lmroman10-regular]:mapping=t
ex-text;!
Missing character: There is no 被 (U+88AB) in font [lmroman10-regular]:mapping=t
ex-text;!
Missing character: There is no 减 (U+51CF) in font [lmroman10-regular]:mapping=t
ex-text;!
Missing character: There is no 多 (U+591A) in font [lmroman10-regular]:mapping=t
ex-text;!
Missing character: There is no 了 (U+4E86) in font [lmroman10-regular]:mapping=t
ex-text;!
Missing character: There is no 的 (U+7684) in font [lmroman10-regular]:mapping=t
ex-text;!
Missing character: There is no 式 (U+5F0F) in font [lmroman10-regular]:mapping=t
ex-text;!
Missing character: There is no 子 (U+5B50) in font [lmroman10-regular]:mapping=t
ex-text;!
Missing character: There is no 。 (U+3002) in font [lmroman10-regular]:mapping=t
ex-text;!
Missing character: There is no 你 (U+4F60) in font [lmroman10-regular]:mapping=t
ex-text;!
Missing character: There is no 发 (U+53D1) in font [lmroman10-regular]:mapping=t
ex-text;!
Missing character: There is no 现 (U+73B0) in font [lmroman10-regular]:mapping=t
ex-text;!
Missing character: There is no 它 (U+5B83) in font [lmroman10-regular]:mapping=t
ex-text;!
Missing character: There is no 就 (U+5C31) in font [lmroman10-regular]:mapping=t
ex-text;!
Missing character: There is no 是 (U+662F) in font [lmroman10-regular]:mapping=t
ex-text;!
Missing character: There is no ： (U+FF1A) in font [lmroman10-regular]:mapping=t
ex-text;!
Missing character: There is no 。 (U+3002) in font [lmroman10-regular]:mapping=t
ex-text;!
Missing character: There is no 所 (U+6240) in font [lmroman10-regular]:mapping=t
ex-text;!
Missing character: There is no 以 (U+4EE5) in font [lmroman10-regular]:mapping=t
ex-text;!
Missing character: There is no 就 (U+5C31) in font [lmroman10-regular]:mapping=t
ex-text;!
Missing character: There is no 可 (U+53EF) in font [lmroman10-regular]:mapping=t
ex-text;!
Missing character: There is no 以 (U+4EE5) in font [lmroman10-regular]:mapping=t
ex-text;!
Missing character: There is no 得 (U+5F97) in font [lmroman10-regular]:mapping=t
ex-text;!
Missing character: There is no 到 (U+5230) in font [lmroman10-regular]:mapping=t
ex-text;!
Missing character: There is no 最 (U+6700) in font [lmroman10-regular]:mapping=t
ex-text;!
Missing character: There is no 终 (U+7EC8) in font [lmroman10-regular]:mapping=t
ex-text;!
Missing character: There is no 的 (U+7684) in font [lmroman10-regular]:mapping=t
ex-text;!
Missing character: There is no 递 (U+9012) in font [lmroman10-regular]:mapping=t
ex-text;!
Missing character: There is no 推 (U+63A8) in font [lmroman10-regular]:mapping=t
ex-text;!
Missing character: There is no 式 (U+5F0F) in font [lmroman10-regular]:mapping=t
ex-text;!
Missing character: There is no ： (U+FF1A) in font [lmroman10-regular]:mapping=t
ex-text;!


[5]
Missing character: There is no 但 (U+4F46) in font [lmroman10-bold]:mapping=tex-
text;!
Missing character: There is no 是 (U+662F) in font [lmroman10-bold]:mapping=tex-
text;!
Missing character: There is no 这 (U+8FD9) in font [lmroman10-bold]:mapping=tex-
text;!
Missing character: There is no 个 (U+4E2A) in font [lmroman10-bold]:mapping=tex-
text;!
Missing character: There is no 式 (U+5F0F) in font [lmroman10-bold]:mapping=tex-
text;!
Missing character: There is no 子 (U+5B50) in font [lmroman10-bold]:mapping=tex-
text;!
Missing character: There is no 还 (U+8FD8) in font [lmroman10-bold]:mapping=tex-
text;!
Missing character: There is no 是 (U+662F) in font [lmroman10-bold]:mapping=tex-
text;!
Missing character: There is no 不 (U+4E0D) in font [lmroman10-bold]:mapping=tex-
text;!
Missing character: There is no 一 (U+4E00) in font [lmroman10-bold]:mapping=tex-
text;!
Missing character: There is no 定 (U+5B9A) in font [lmroman10-bold]:mapping=tex-
text;!
Missing character: There is no 对 (U+5BF9) in font [lmroman10-bold]:mapping=tex-
text;!
Missing character: There is no 。 (U+3002) in font [lmroman10-bold]:mapping=tex-
text;!
Missing character: There is no 当 (U+5F53) in font [lmroman10-regular]:mapping=t
ex-text;!
Missing character: There is no 时 (U+65F6) in font [lmroman10-regular]:mapping=t
ex-text;!
Missing character: There is no ， (U+FF0C) in font [lmroman10-regular]:mapping=t
ex-text;!
Missing character: There is no 第 (U+7B2C) in font [lmroman10-regular]:mapping=t
ex-text;!
Missing character: There is no 遍 (U+904D) in font [lmroman10-regular]:mapping=t
ex-text;!
Missing character: There is no 埃 (U+57C3) in font [lmroman10-regular]:mapping=t
ex-text;!
Missing character: There is no 氏 (U+6C0F) in font [lmroman10-regular]:mapping=t
ex-text;!
Missing character: There is no 筛 (U+7B5B) in font [lmroman10-regular]:mapping=t
ex-text;!
Missing character: There is no 是 (U+662F) in font [lmroman10-regular]:mapping=t
ex-text;!
Missing character: There is no 不 (U+4E0D) in font [lmroman10-regular]:mapping=t
ex-text;!
Missing character: There is no 会 (U+4F1A) in font [lmroman10-regular]:mapping=t
ex-text;!
Missing character: There is no 筛 (U+7B5B) in font [lmroman10-regular]:mapping=t
ex-text;!
Missing character: There is no 掉 (U+6389) in font [lmroman10-regular]:mapping=t
ex-text;!
Missing character: There is no 任 (U+4EFB) in font [lmroman10-regular]:mapping=t
ex-text;!
Missing character: There is no 何 (U+4F55) in font [lmroman10-regular]:mapping=t
ex-text;!
Missing character: There is no 数 (U+6570) in font [lmroman10-regular]:mapping=t
ex-text;!
Missing character: There is no 的 (U+7684) in font [lmroman10-regular]:mapping=t
ex-text;!
Missing character: There is no 。 (U+3002) in font [lmroman10-regular]:mapping=t
ex-text;!
Missing character: There is no 所 (U+6240) in font [lmroman10-regular]:mapping=t
ex-text;!
Missing character: There is no 以 (U+4EE5) in font [lmroman10-regular]:mapping=t
ex-text;!
Missing character: There is no 真 (U+771F) in font [lmroman10-regular]:mapping=t
ex-text;!
Missing character: There is no 正 (U+6B63) in font [lmroman10-regular]:mapping=t
ex-text;!
Missing character: There is no 的 (U+7684) in font [lmroman10-regular]:mapping=t
ex-text;!
Missing character: There is no 式 (U+5F0F) in font [lmroman10-regular]:mapping=t
ex-text;!
Missing character: There is no 子 (U+5B50) in font [lmroman10-regular]:mapping=t
ex-text;!
Missing character: There is no 是 (U+662F) in font [lmroman10-regular]:mapping=t
ex-text;!
Missing character: There is no ： (U+FF1A) in font [lmroman10-regular]:mapping=t
ex-text;!
Missing character: There is no 这 (U+8FD9) in font [lmroman10-bold]:mapping=tex-
text;!
Missing character: There is no 个 (U+4E2A) in font [lmroman10-bold]:mapping=tex-
text;!
Missing character: There is no 式 (U+5F0F) in font [lmroman10-bold]:mapping=tex-
text;!
Missing character: There is no 子 (U+5B50) in font [lmroman10-bold]:mapping=tex-
text;!
Missing character: There is no 就 (U+5C31) in font [lmroman10-bold]:mapping=tex-
text;!
Missing character: There is no 是 (U+662F) in font [lmroman10-bold]:mapping=tex-
text;!
Missing character: There is no 对 (U+5BF9) in font [lmroman10-bold]:mapping=tex-
text;!
Missing character: There is no 的 (U+7684) in font [lmroman10-bold]:mapping=tex-
text;!
Missing character: There is no 了 (U+4E86) in font [lmroman10-bold]:mapping=tex-
text;!
Missing character: There is no 。 (U+3002) in font [lmroman10-bold]:mapping=tex-
text;!
Missing character: There is no 最 (U+6700) in font [lmroman10-regular]:mapping=t
ex-text;!
Missing character: There is no 后 (U+540E) in font [lmroman10-regular]:mapping=t
ex-text;!
Missing character: There is no 递 (U+9012) in font [lmroman10-regular]:mapping=t
ex-text;!
Missing character: There is no 推 (U+63A8) in font [lmroman10-regular]:mapping=t
ex-text;!
Missing character: There is no 的 (U+7684) in font [lmroman10-regular]:mapping=t
ex-text;!
Missing character: There is no 终 (U+7EC8) in font [lmroman10-regular]:mapping=t
ex-text;!
Missing character: There is no 止 (U+6B62) in font [lmroman10-regular]:mapping=t
ex-text;!
Missing character: There is no 条 (U+6761) in font [lmroman10-regular]:mapping=t
ex-text;!
Missing character: There is no 件 (U+4EF6) in font [lmroman10-regular]:mapping=t
ex-text;!
Missing character: There is no 是 (U+662F) in font [lmroman10-regular]:mapping=t
ex-text;!
Missing character: There is no 。 (U+3002) in font [lmroman10-regular]:mapping=t
ex-text;!
Missing character: There is no （ (U+FF08) in font [lmroman10-regular]:mapping=t
ex-text;!
Missing character: There is no 我 (U+6211) in font [lmroman10-regular]:mapping=t
ex-text;!
Missing character: There is no 们 (U+4EEC) in font [lmroman10-regular]:mapping=t
ex-text;!
Missing character: There is no 假 (U+5047) in font [lmroman10-regular]:mapping=t
ex-text;!
Missing character: There is no 定 (U+5B9A) in font [lmroman10-regular]:mapping=t
ex-text;!
Missing character: There is no 第 (U+7B2C) in font [lmroman10-regular]:mapping=t
ex-text;!
Missing character: There is no 个 (U+4E2A) in font [lmroman10-regular]:mapping=t
ex-text;!
Missing character: There is no 质 (U+8D28) in font [lmroman10-regular]:mapping=t
ex-text;!
Missing character: There is no 数 (U+6570) in font [lmroman10-regular]:mapping=t
ex-text;!
Missing character: There is no 是 (U+662F) in font [lmroman10-regular]:mapping=t
ex-text;!
Missing character: There is no ） (U+FF09) in font [lmroman10-regular]:mapping=t
ex-text;!
Missing character: There is no 那 (U+90A3) in font [lmroman10-regular]:mapping=t
ex-text;!
Missing character: There is no 我 (U+6211) in font [lmroman10-regular]:mapping=t
ex-text;!
Missing character: There is no 们 (U+4EEC) in font [lmroman10-regular]:mapping=t
ex-text;!
Missing character: There is no 可 (U+53EF) in font [lmroman10-regular]:mapping=t
ex-text;!
Missing character: There is no 以 (U+4EE5) in font [lmroman10-regular]:mapping=t
ex-text;!
Missing character: There is no 求 (U+6C42) in font [lmroman10-regular]:mapping=t
ex-text;!
Missing character: There is no 出 (U+51FA) in font [lmroman10-regular]:mapping=t
ex-text;!
Missing character: There is no 了 (U+4E86) in font [lmroman10-regular]:mapping=t
ex-text;!
Missing character: There is no ， (U+FF0C) in font [lmroman10-regular]:mapping=t
ex-text;!
Missing character: There is no 也 (U+4E5F) in font [lmroman10-regular]:mapping=t
ex-text;!
Missing character: There is no 就 (U+5C31) in font [lmroman10-regular]:mapping=t
ex-text;!
Missing character: There is no 可 (U+53EF) in font [lmroman10-regular]:mapping=t
ex-text;!
Missing character: There is no 以 (U+4EE5) in font [lmroman10-regular]:mapping=t
ex-text;!
Missing character: There is no 求 (U+6C42) in font [lmroman10-regular]:mapping=t
ex-text;!
Missing character: There is no 出 (U+51FA) in font [lmroman10-regular]:mapping=t
ex-text;!
Missing character: There is no 了 (U+4E86) in font [lmroman10-regular]:mapping=t
ex-text;!
Missing character: There is no 。 (U+3002) in font [lmroman10-regular]:mapping=t
ex-text;!
Missing character: There is no 也 (U+4E5F) in font [lmroman10-regular]:mapping=t
ex-text;!
Missing character: There is no 就 (U+5C31) in font [lmroman10-regular]:mapping=t
ex-text;!
Missing character: There is no 可 (U+53EF) in font [lmroman10-regular]:mapping=t
ex-text;!
Missing character: There is no 以 (U+4EE5) in font [lmroman10-regular]:mapping=t
ex-text;!
Missing character: There is no 求 (U+6C42) in font [lmroman10-regular]:mapping=t
ex-text;!
Missing character: There is no 出 (U+51FA) in font [lmroman10-regular]:mapping=t
ex-text;!
Missing character: There is no 了 (U+4E86) in font [lmroman10-regular]:mapping=t
ex-text;!
Missing character: There is no 。 (U+3002) in font [lmroman10-regular]:mapping=t
ex-text;!
Missing character: There is no 我 (U+6211) in font [lmroman10-regular]:mapping=t
ex-text;!
Missing character: There is no 们 (U+4EEC) in font [lmroman10-regular]:mapping=t
ex-text;!
Missing character: There is no 发 (U+53D1) in font [lmroman10-regular]:mapping=t
ex-text;!
Missing character: There is no 现 (U+73B0) in font [lmroman10-regular]:mapping=t
ex-text;!
Missing character: There is no 一 (U+4E00) in font [lmroman10-regular]:mapping=t
ex-text;!
Missing character: There is no 个 (U+4E2A) in font [lmroman10-regular]:mapping=t
ex-text;!
Missing character: There is no 性 (U+6027) in font [lmroman10-regular]:mapping=t
ex-text;!
Missing character: There is no 质 (U+8D28) in font [lmroman10-regular]:mapping=t
ex-text;!
Missing character: There is no ： (U+FF1A) in font [lmroman10-regular]:mapping=t
ex-text;!
Missing character: There is no 。 (U+3002) in font [lmroman10-regular]:mapping=t
ex-text;!
Missing character: There is no 于 (U+4E8E) in font [lmroman10-regular]:mapping=t
ex-text;!
Missing character: There is no 是 (U+662F) in font [lmroman10-regular]:mapping=t
ex-text;!
Missing character: There is no 我 (U+6211) in font [lmroman10-regular]:mapping=t
ex-text;!
Missing character: There is no 们 (U+4EEC) in font [lmroman10-regular]:mapping=t
ex-text;!
Missing character: There is no 就 (U+5C31) in font [lmroman10-regular]:mapping=t
ex-text;!
Missing character: There is no 基 (U+57FA) in font [lmroman10-regular]:mapping=t
ex-text;!
Missing character: There is no 本 (U+672C) in font [lmroman10-regular]:mapping=t
ex-text;!
Missing character: There is no 学 (U+5B66) in font [lmroman10-regular]:mapping=t
ex-text;!
Missing character: There is no 会 (U+4F1A) in font [lmroman10-regular]:mapping=t
ex-text;!
Missing character: There is no 了 (U+4E86) in font [lmroman10-regular]:mapping=t
ex-text;!
Missing character: There is no 筛 (U+7B5B) in font [lmroman10-regular]:mapping=t
ex-text;!
Missing character: There is no 的 (U+7684) in font [lmroman10-regular]:mapping=t
ex-text;!
Missing character: There is no 大 (U+5927) in font [lmroman10-regular]:mapping=t
ex-text;!
Missing character: There is no 致 (U+81F4) in font [lmroman10-regular]:mapping=t
ex-text;!
Missing character: There is no 步 (U+6B65) in font [lmroman10-regular]:mapping=t
ex-text;!
Missing character: There is no 骤 (U+9AA4) in font [lmroman10-regular]:mapping=t
ex-text;!
Missing character: There is no 。 (U+3002) in font [lmroman10-regular]:mapping=t
ex-text;!
Missing character: There is no 复 (U+590D) in font [lmroman12-bold]:mapping=tex-
text;!
Missing character: There is no 杂 (U+6742) in font [lmroman12-bold]:mapping=tex-
text;!
Missing character: There is no 度 (U+5EA6) in font [lmroman12-bold]:mapping=tex-
text;!
Missing character: There is no 分 (U+5206) in font [lmroman12-bold]:mapping=tex-
text;!
Missing character: There is no 析 (U+6790) in font [lmroman12-bold]:mapping=tex-
text;!
Missing character: There is no 在 (U+5728) in font [lmroman10-regular]:mapping=t
ex-text;!
Missing character: There is no 这 (U+8FD9) in font [lmroman10-regular]:mapping=t
ex-text;!
Missing character: There is no 里 (U+91CC) in font [lmroman10-regular]:mapping=t
ex-text;!
Missing character: There is no 我 (U+6211) in font [lmroman10-regular]:mapping=t
ex-text;!
Missing character: There is no 不 (U+4E0D) in font [lmroman10-regular]:mapping=t
ex-text;!
Missing character: There is no 说 (U+8BF4) in font [lmroman10-regular]:mapping=t
ex-text;!
Missing character: There is no 具 (U+5177) in font [lmroman10-regular]:mapping=t
ex-text;!
Missing character: There is no 体 (U+4F53) in font [lmroman10-regular]:mapping=t
ex-text;!
Missing character: There is no 复 (U+590D) in font [lmroman10-regular]:mapping=t
ex-text;!
Missing character: There is no 杂 (U+6742) in font [lmroman10-regular]:mapping=t
ex-text;!
Missing character: There is no 度 (U+5EA6) in font [lmroman10-regular]:mapping=t
ex-text;!
Missing character: There is no 是 (U+662F) in font [lmroman10-regular]:mapping=t
ex-text;!
Missing character: There is no 如 (U+5982) in font [lmroman10-regular]:mapping=t
ex-text;!
Missing character: There is no 何 (U+4F55) in font [lmroman10-regular]:mapping=t
ex-text;!
Missing character: There is no 计 (U+8BA1) in font [lmroman10-regular]:mapping=t
ex-text;!
Missing character: There is no 算 (U+7B97) in font [lmroman10-regular]:mapping=t
ex-text;!
Missing character: There is no 的 (U+7684) in font [lmroman10-regular]:mapping=t
ex-text;!
Missing character: There is no ， (U+FF0C) in font [lmroman10-regular]:mapping=t
ex-text;!
Missing character: There is no 我 (U+6211) in font [lmroman10-regular]:mapping=t
ex-text;!
Missing character: There is no 在 (U+5728) in font [lmroman10-regular]:mapping=t
ex-text;!
Missing character: There is no 此 (U+6B64) in font [lmroman10-regular]:mapping=t
ex-text;!
Missing character: There is no 想 (U+60F3) in font [lmroman10-regular]:mapping=t
ex-text;!
Missing character: There is no 补 (U+8865) in font [lmroman10-regular]:mapping=t
ex-text;!
Missing character: There is no 充 (U+5145) in font [lmroman10-regular]:mapping=t
ex-text;!
Missing character: There is no 一 (U+4E00) in font [lmroman10-regular]:mapping=t
ex-text;!
Missing character: There is no 些 (U+4E9B) in font [lmroman10-regular]:mapping=t
ex-text;!
Missing character: There is no 具 (U+5177) in font [lmroman10-regular]:mapping=t
ex-text;!
Missing character: There is no 体 (U+4F53) in font [lmroman10-regular]:mapping=t
ex-text;!
Missing character: There is no 计 (U+8BA1) in font [lmroman10-regular]:mapping=t
ex-text;!
Missing character: There is no 算 (U+7B97) in font [lmroman10-regular]:mapping=t
ex-text;!
Missing character: There is no 时 (U+65F6) in font [lmroman10-regular]:mapping=t
ex-text;!
Missing character: There is no 的 (U+7684) in font [lmroman10-regular]:mapping=t
ex-text;!
Missing character: There is no 性 (U+6027) in font [lmroman10-regular]:mapping=t
ex-text;!
Missing character: There is no 质 (U+8D28) in font [lmroman10-regular]:mapping=t
ex-text;!
Missing character: There is no 。 (U+3002) in font [lmroman10-regular]:mapping=t
ex-text;!
Missing character: There is no 优 (U+4F18) in font [lmroman10-bold]:mapping=tex-
text;!
Missing character: There is no 化 (U+5316) in font [lmroman10-bold]:mapping=tex-
text;!
Missing character: There is no 重 (U+91CD) in font [lmroman10-regular]:mapping=t
ex-text;!
Missing character: There is no 新 (U+65B0) in font [lmroman10-regular]:mapping=t
ex-text;!
Missing character: There is no 回 (U+56DE) in font [lmroman10-regular]:mapping=t
ex-text;!
Missing character: There is no 顾 (U+987E) in font [lmroman10-regular]:mapping=t
ex-text;!
Missing character: There is no 前 (U+524D) in font [lmroman10-regular]:mapping=t
ex-text;!
Missing character: There is no 面 (U+9762) in font [lmroman10-regular]:mapping=t
ex-text;!
Missing character: There is no 的 (U+7684) in font [lmroman10-regular]:mapping=t
ex-text;!
Missing character: There is no 递 (U+9012) in font [lmroman10-regular]:mapping=t
ex-text;!
Missing character: There is no 推 (U+63A8) in font [lmroman10-regular]:mapping=t
ex-text;!
Missing character: There is no 式 (U+5F0F) in font [lmroman10-regular]:mapping=t
ex-text;!
Missing character: There is no ： (U+FF1A) in font [lmroman10-regular]:mapping=t
ex-text;!

Overfull \hbox (25.52386pt too wide) detected at line 397
[][][][] [][] [] [] [] [][][][] [] [][][][][]
 []

Missing character: There is no 因 (U+56E0) in font [lmroman10-regular]:mapping=t
ex-text;!
Missing character: There is no 为 (U+4E3A) in font [lmroman10-regular]:mapping=t
ex-text;!
Missing character: There is no 只 (U+53EA) in font [lmroman10-regular]:mapping=t
ex-text;!
Missing character: There is no 有 (U+6709) in font [lmroman10-regular]:mapping=t
ex-text;!
Missing character: There is no 时 (U+65F6) in font [lmroman10-regular]:mapping=t
ex-text;!
Missing character: There is no 两 (U+4E24) in font [lmroman10-regular]:mapping=t
ex-text;!
Missing character: There is no 个 (U+4E2A) in font [lmroman10-regular]:mapping=t
ex-text;!
Missing character: There is no 才 (U+624D) in font [lmroman10-regular]:mapping=t
ex-text;!
Missing character: There is no 计 (U+8BA1) in font [lmroman10-regular]:mapping=t
ex-text;!
Missing character: There is no 入 (U+5165) in font [lmroman10-regular]:mapping=t
ex-text;!
Missing character: There is no 贡 (U+8D21) in font [lmroman10-regular]:mapping=t
ex-text;!
Missing character: There is no 献 (U+732E) in font [lmroman10-regular]:mapping=t
ex-text;!
Missing character: There is no ， (U+FF0C) in font [lmroman10-regular]:mapping=t
ex-text;!
Missing character: There is no 才 (U+624D) in font [lmroman10-regular]:mapping=t
ex-text;!
Missing character: There is no 会 (U+4F1A) in font [lmroman10-regular]:mapping=t
ex-text;!
Missing character: There is no 计 (U+8BA1) in font [lmroman10-regular]:mapping=t
ex-text;!
Missing character: There is no 算 (U+7B97) in font [lmroman10-regular]:mapping=t
ex-text;!
Missing character: There is no ， (U+FF0C) in font [lmroman10-regular]:mapping=t
ex-text;!
Missing character: There is no 因 (U+56E0) in font [lmroman10-regular]:mapping=t
ex-text;!
Missing character: There is no 此 (U+6B64) in font [lmroman10-regular]:mapping=t
ex-text;!
Missing character: There is no 可 (U+53EF) in font [lmroman10-regular]:mapping=t
ex-text;!
Missing character: There is no 以 (U+4EE5) in font [lmroman10-regular]:mapping=t
ex-text;!
Missing character: There is no 得 (U+5F97) in font [lmroman10-regular]:mapping=t
ex-text;!
Missing character: There is no 出 (U+51FA) in font [lmroman10-regular]:mapping=t
ex-text;!
Missing character: There is no 在 (U+5728) in font [lmroman10-regular]:mapping=t
ex-text;!
Missing character: There is no 所 (U+6240) in font [lmroman10-regular]:mapping=t
ex-text;!
Missing character: There is no 有 (U+6709) in font [lmroman10-regular]:mapping=t
ex-text;!
Missing character: There is no 需 (U+9700) in font [lmroman10-bold]:mapping=tex-
text;!
Missing character: There is no 要 (U+8981) in font [lmroman10-bold]:mapping=tex-
text;!
Missing character: There is no 算 (U+7B97) in font [lmroman10-bold]:mapping=tex-
text;!
Missing character: There is no 出 (U+51FA) in font [lmroman10-bold]:mapping=tex-
text;!
Missing character: There is no 的 (U+7684) in font [lmroman10-bold]:mapping=tex-
text;!
Missing character: There is no 中 (U+4E2D) in font [lmroman10-regular]:mapping=t
ex-text;!
Missing character: There is no ， (U+FF0C) in font [lmroman10-regular]:mapping=t
ex-text;!
Missing character: There is no 必 (U+5FC5) in font [lmroman10-regular]:mapping=t
ex-text;!
Missing character: There is no 然 (U+7136) in font [lmroman10-regular]:mapping=t
ex-text;!
Missing character: There is no 小 (U+5C0F) in font [lmroman10-regular]:mapping=t
ex-text;!
Missing character: There is no 于 (U+4E8E) in font [lmroman10-regular]:mapping=t
ex-text;!
Missing character: There is no 等 (U+7B49) in font [lmroman10-regular]:mapping=t
ex-text;!
Missing character: There is no 于 (U+4E8E) in font [lmroman10-regular]:mapping=t
ex-text;!
Missing character: There is no ， (U+FF0C) in font [lmroman10-regular]:mapping=t
ex-text;!
Missing character: There is no 则 (U+5219) in font [lmroman10-regular]:mapping=t
ex-text;!
Missing character: There is no 必 (U+5FC5) in font [lmroman10-regular]:mapping=t
ex-text;!
Missing character: There is no 然 (U+7136) in font [lmroman10-regular]:mapping=t
ex-text;!
Missing character: There is no 小 (U+5C0F) in font [lmroman10-regular]:mapping=t
ex-text;!
Missing character: There is no 于 (U+4E8E) in font [lmroman10-regular]:mapping=t
ex-text;!
Missing character: There is no 。 (U+3002) in font [lmroman10-regular]:mapping=t
ex-text;!
Missing character: There is no 然 (U+7136) in font [lmroman10-regular]:mapping=t
ex-text;!
Missing character: There is no 后 (U+540E) in font [lmroman10-regular]:mapping=t
ex-text;!
Missing character: There is no 我 (U+6211) in font [lmroman10-regular]:mapping=t
ex-text;!
Missing character: There is no 们 (U+4EEC) in font [lmroman10-regular]:mapping=t
ex-text;!
Missing character: There is no 有 (U+6709) in font [lmroman10-regular]:mapping=t
ex-text;!
Missing character: There is no 一 (U+4E00) in font [lmroman10-regular]:mapping=t
ex-text;!
Missing character: There is no 个 (U+4E2A) in font [lmroman10-regular]:mapping=t
ex-text;!
Missing character: There is no 引 (U+5F15) in font [lmroman10-regular]:mapping=t
ex-text;!
Missing character: There is no 理 (U+7406) in font [lmroman10-regular]:mapping=t
ex-text;!
Missing character: There is no ： (U+FF1A) in font [lmroman10-regular]:mapping=t
ex-text;!
Missing character: There is no 所 (U+6240) in font [lmroman10-regular]:mapping=t
ex-text;!
Missing character: There is no 以 (U+4EE5) in font [lmroman10-regular]:mapping=t
ex-text;!
Missing character: There is no 的 (U+7684) in font [lmroman10-regular]:mapping=t
ex-text;!
Missing character: There is no 所 (U+6240) in font [lmroman10-regular]:mapping=t
ex-text;!
Missing character: There is no 有 (U+6709) in font [lmroman10-regular]:mapping=t
ex-text;!
Missing character: There is no 取 (U+53D6) in font [lmroman10-regular]:mapping=t
ex-text;!
Missing character: There is no 值 (U+503C) in font [lmroman10-regular]:mapping=t
ex-text;!
Missing character: There is no 都 (U+90FD) in font [lmroman10-regular]:mapping=t
ex-text;!
Missing character: There is no 是 (U+662F) in font [lmroman10-regular]:mapping=t
ex-text;!
Missing character: There is no 某 (U+67D0) in font [lmroman10-regular]:mapping=t
ex-text;!
Missing character: There is no 个 (U+4E2A) in font [lmroman10-regular]:mapping=t
ex-text;!
Missing character: There is no 。 (U+3002) in font [lmroman10-regular]:mapping=t
ex-text;!
Missing character: There is no 我 (U+6211) in font [lmroman10-regular]:mapping=t
ex-text;!
Missing character: There is no 们 (U+4EEC) in font [lmroman10-regular]:mapping=t
ex-text;!
Missing character: There is no 又 (U+53C8) in font [lmroman10-regular]:mapping=t
ex-text;!
Missing character: There is no 有 (U+6709) in font [lmroman10-regular]:mapping=t
ex-text;!
Missing character: There is no 一 (U+4E00) in font [lmroman10-regular]:mapping=t
ex-text;!
Missing character: There is no 个 (U+4E2A) in font [lmroman10-regular]:mapping=t
ex-text;!
Missing character: There is no 引 (U+5F15) in font [lmroman10-regular]:mapping=t
ex-text;!
Missing character: There is no 理 (U+7406) in font [lmroman10-regular]:mapping=t
ex-text;!
Missing character: There is no ： (U+FF1A) in font [lmroman10-regular]:mapping=t
ex-text;!
Missing character: There is no 最 (U+6700) in font [lmroman10-regular]:mapping=t
ex-text;!
Missing character: There is no 多 (U+591A) in font [lmroman10-regular]:mapping=t
ex-text;!
Missing character: There is no 只 (U+53EA) in font [lmroman10-regular]:mapping=t
ex-text;!
Missing character: There is no 有 (U+6709) in font [lmroman10-regular]:mapping=t
ex-text;!
Missing character: There is no 种 (U+79CD) in font [lmroman10-regular]:mapping=t
ex-text;!
Missing character: There is no 取 (U+53D6) in font [lmroman10-regular]:mapping=t
ex-text;!
Missing character: There is no 值 (U+503C) in font [lmroman10-regular]:mapping=t
ex-text;!
Missing character: There is no ： (U+FF1A) in font [lmroman10-regular]:mapping=t
ex-text;!
Missing character: There is no 。 (U+3002) in font [lmroman10-regular]:mapping=t
ex-text;!
Missing character: There is no 又 (U+53C8) in font [lmroman10-regular]:mapping=t
ex-text;!
Missing character: There is no 因 (U+56E0) in font [lmroman10-regular]:mapping=t
ex-text;!
Missing character: There is no 为 (U+4E3A) in font [lmroman10-regular]:mapping=t
ex-text;!
Missing character: There is no 每 (U+6BCF) in font [lmroman10-regular]:mapping=t
ex-text;!
Missing character: There is no 次 (U+6B21) in font [lmroman10-regular]:mapping=t
ex-text;!
Missing character: There is no 计 (U+8BA1) in font [lmroman10-regular]:mapping=t
ex-text;!
Missing character: There is no 算 (U+7B97) in font [lmroman10-regular]:mapping=t
ex-text;!
Missing character: There is no 递 (U+9012) in font [lmroman10-regular]:mapping=t
ex-text;!
Missing character: There is no 推 (U+63A8) in font [lmroman10-regular]:mapping=t
ex-text;!
Missing character: There is no 式 (U+5F0F) in font [lmroman10-regular]:mapping=t
ex-text;!
Missing character: There is no 时 (U+65F6) in font [lmroman10-regular]:mapping=t
ex-text;!
Missing character: There is no 函 (U+51FD) in font [lmroman10-regular]:mapping=t
ex-text;!
Missing character: There is no 数 (U+6570) in font [lmroman10-regular]:mapping=t
ex-text;!
Missing character: There is no 只 (U+53EA) in font [lmroman10-regular]:mapping=t
ex-text;!
Missing character: There is no 需 (U+9700) in font [lmroman10-regular]:mapping=t
ex-text;!
Missing character: There is no 要 (U+8981) in font [lmroman10-regular]:mapping=t
ex-text;!
Missing character: There is no 在 (U+5728) in font [lmroman10-regular]:mapping=t
ex-text;!
Missing character: There is no 点 (U+70B9) in font [lmroman10-regular]:mapping=t
ex-text;!
Missing character: There is no 的 (U+7684) in font [lmroman10-regular]:mapping=t
ex-text;!
Missing character: There is no 取 (U+53D6) in font [lmroman10-regular]:mapping=t
ex-text;!
Missing character: There is no 值 (U+503C) in font [lmroman10-regular]:mapping=t
ex-text;!
Missing character: There is no 就 (U+5C31) in font [lmroman10-regular]:mapping=t
ex-text;!
Missing character: There is no 够 (U+591F) in font [lmroman10-regular]:mapping=t
ex-text;!
Missing character: There is no 了 (U+4E86) in font [lmroman10-regular]:mapping=t
ex-text;!
Missing character: There is no ， (U+FF0C) in font [lmroman10-regular]:mapping=t
ex-text;!
Missing character: There is no 所 (U+6240) in font [lmroman10-regular]:mapping=t
ex-text;!
Missing character: There is no 以 (U+4EE5) in font [lmroman10-regular]:mapping=t
ex-text;!
Missing character: There is no 在 (U+5728) in font [lmroman10-regular]:mapping=t
ex-text;!
Missing character: There is no 整 (U+6574) in font [lmroman10-regular]:mapping=t
ex-text;!
Missing character: There is no 个 (U+4E2A) in font [lmroman10-regular]:mapping=t
ex-text;!
Missing character: There is no 过 (U+8FC7) in font [lmroman10-regular]:mapping=t
ex-text;!
Missing character: There is no 程 (U+7A0B) in font [lmroman10-regular]:mapping=t
ex-text;!
Missing character: There is no 中 (U+4E2D) in font [lmroman10-regular]:mapping=t
ex-text;!
Missing character: There is no ， (U+FF0C) in font [lmroman10-regular]:mapping=t
ex-text;!
Missing character: There is no 所 (U+6240) in font [lmroman10-regular]:mapping=t
ex-text;!
Missing character: There is no 需 (U+9700) in font [lmroman10-regular]:mapping=t
ex-text;!
Missing character: There is no 的 (U+7684) in font [lmroman10-regular]:mapping=t
ex-text;!
Missing character: There is no 取 (U+53D6) in font [lmroman10-regular]:mapping=t
ex-text;!
Missing character: There is no 值 (U+503C) in font [lmroman10-regular]:mapping=t
ex-text;!
Missing character: There is no 点 (U+70B9) in font [lmroman10-regular]:mapping=t
ex-text;!
Missing character: There is no 就 (U+5C31) in font [lmroman10-regular]:mapping=t
ex-text;!
Missing character: There is no 只 (U+53EA) in font [lmroman10-regular]:mapping=t
ex-text;!
Missing character: There is no 有 (U+6709) in font [lmroman10-regular]:mapping=t
ex-text;!
Missing character: There is no 这 (U+8FD9) in font [lmroman10-regular]:mapping=t
ex-text;!
Missing character: There is no 个 (U+4E2A) in font [lmroman10-regular]:mapping=t
ex-text;!
Missing character: There is no 点 (U+70B9) in font [lmroman10-regular]:mapping=t
ex-text;!
Missing character: There is no 。 (U+3002) in font [lmroman10-regular]:mapping=t
ex-text;!
Missing character: There is no 但 (U+4F46) in font [lmroman10-regular]:mapping=t
ex-text;!
Missing character: There is no 是 (U+662F) in font [lmroman10-regular]:mapping=t
ex-text;!
Missing character: There is no 太 (U+592A) in font [lmroman10-regular]:mapping=t
ex-text;!
Missing character: There is no 大 (U+5927) in font [lmroman10-regular]:mapping=t
ex-text;!
Missing character: There is no ， (U+FF0C) in font [lmroman10-regular]:mapping=t
ex-text;!
Missing character: There is no 你 (U+4F60) in font [lmroman10-regular]:mapping=t
ex-text;!
Missing character: There is no 可 (U+53EF) in font [lmroman10-regular]:mapping=t
ex-text;!
Missing character: There is no 以 (U+4EE5) in font [lmroman10-regular]:mapping=t
ex-text;!
Missing character: There is no 选 (U+9009) in font [lmroman10-regular]:mapping=t
ex-text;!
Missing character: There is no 择 (U+62E9) in font [lmroman10-regular]:mapping=t
ex-text;!
Missing character: There is no ， (U+FF0C) in font [lmroman10-regular]:mapping=t
ex-text;!
Missing character: There is no 但 (U+4F46) in font [lmroman10-regular]:mapping=t
ex-text;!
Missing character: There is no 是 (U+662F) in font [lmroman10-regular]:mapping=t
ex-text;!
Missing character: There is no 常 (U+5E38) in font [lmroman10-regular]:mapping=t
ex-text;!
Missing character: There is no 数 (U+6570) in font [lmroman10-regular]:mapping=t
ex-text;!
Missing character: There is no 更 (U+66F4) in font [lmroman10-regular]:mapping=t
ex-text;!
Missing character: There is no 小 (U+5C0F) in font [lmroman10-regular]:mapping=t
ex-text;!
Missing character: There is no 的 (U+7684) in font [lmroman10-regular]:mapping=t
ex-text;!
Missing character: There is no 方 (U+65B9) in font [lmroman10-regular]:mapping=t
ex-text;!
Missing character: There is no 法 (U+6CD5) in font [lmroman10-regular]:mapping=t
ex-text;!
Missing character: There is no 是 (U+662F) in font [lmroman10-regular]:mapping=t
ex-text;!
Missing character: There is no 离 (U+79BB) in font [lmroman10-regular]:mapping=t
ex-text;!
Missing character: There is no 散 (U+6563) in font [lmroman10-regular]:mapping=t
ex-text;!
Missing character: There is no 化 (U+5316) in font [lmroman10-regular]:mapping=t
ex-text;!
Missing character: There is no 然 (U+7136) in font [lmroman10-regular]:mapping=t
ex-text;!
Missing character: There is no 后 (U+540E) in font [lmroman10-regular]:mapping=t
ex-text;!
Missing character: There is no 存 (U+5B58) in font [lmroman10-regular]:mapping=t
ex-text;!
Missing character: There is no 。 (U+3002) in font [lmroman10-regular]:mapping=t
ex-text;!


[6]
Missing character: There is no 关 (U+5173) in font [lmroman10-bold]:mapping=tex-
text;!
Missing character: There is no 于 (U+4E8E) in font [lmroman10-bold]:mapping=tex-
text;!
Missing character: There is no 时 (U+65F6) in font [lmroman10-bold]:mapping=tex-
text;!
Missing character: There is no 间 (U+95F4) in font [lmroman10-bold]:mapping=tex-
text;!
Missing character: There is no 复 (U+590D) in font [lmroman10-bold]:mapping=tex-
text;!
Missing character: There is no 杂 (U+6742) in font [lmroman10-bold]:mapping=tex-
text;!
Missing character: There is no 度 (U+5EA6) in font [lmroman10-bold]:mapping=tex-
text;!
Missing character: There is no 中 (U+4E2D) in font [lmroman10-bold]:mapping=tex-
text;!
Missing character: There is no 求 (U+6C42) in font [lmroman10-bold]:mapping=tex-
text;!
Missing character: There is no 和 (U+548C) in font [lmroman10-bold]:mapping=tex-
text;!
Missing character: There is no 与 (U+4E0E) in font [lmroman10-bold]:mapping=tex-
text;!
Missing character: There is no 积 (U+79EF) in font [lmroman10-bold]:mapping=tex-
text;!
Missing character: There is no 分 (U+5206) in font [lmroman10-bold]:mapping=tex-
text;!
Missing character: There is no 的 (U+7684) in font [lmroman10-bold]:mapping=tex-
text;!
Missing character: There is no 转 (U+8F6C) in font [lmroman10-bold]:mapping=tex-
text;!
Missing character: There is no 换 (U+6362) in font [lmroman10-bold]:mapping=tex-
text;!
Missing character: There is no 如 (U+5982) in font [lmroman10-bold]:mapping=tex-
text;!
Missing character: There is no 果 (U+679C) in font [lmroman10-bold]:mapping=tex-
text;!
Missing character: There is no 您 (U+60A8) in font [lmroman10-bold]:mapping=tex-
text;!
Missing character: There is no 不 (U+4E0D) in font [lmroman10-bold]:mapping=tex-
text;!
Missing character: There is no 会 (U+4F1A) in font [lmroman10-bold]:mapping=tex-
text;!
Missing character: There is no 积 (U+79EF) in font [lmroman10-bold]:mapping=tex-
text;!
Missing character: There is no 分 (U+5206) in font [lmroman10-bold]:mapping=tex-
text;!
Missing character: There is no 可 (U+53EF) in font [lmroman10-bold]:mapping=tex-
text;!
Missing character: There is no 以 (U+4EE5) in font [lmroman10-bold]:mapping=tex-
text;!
Missing character: There is no 跳 (U+8DF3) in font [lmroman10-bold]:mapping=tex-
text;!
Missing character: There is no 过 (U+8FC7) in font [lmroman10-bold]:mapping=tex-
text;!
Missing character: There is no 这 (U+8FD9) in font [lmroman10-bold]:mapping=tex-
text;!
Missing character: There is no 一 (U+4E00) in font [lmroman10-bold]:mapping=tex-
text;!
Missing character: There is no 步 (U+6B65) in font [lmroman10-bold]:mapping=tex-
text;!
Missing character: There is no ， (U+FF0C) in font [lmroman10-bold]:mapping=tex-
text;!
Missing character: There is no 对 (U+5BF9) in font [lmroman10-bold]:mapping=tex-
text;!
Missing character: There is no 算 (U+7B97) in font [lmroman10-bold]:mapping=tex-
text;!
Missing character: There is no 法 (U+6CD5) in font [lmroman10-bold]:mapping=tex-
text;!
Missing character: There is no 学 (U+5B66) in font [lmroman10-bold]:mapping=tex-
text;!
Missing character: There is no 习 (U+4E60) in font [lmroman10-bold]:mapping=tex-
text;!
Missing character: There is no 无 (U+65E0) in font [lmroman10-bold]:mapping=tex-
text;!
Missing character: There is no 影 (U+5F71) in font [lmroman10-bold]:mapping=tex-
text;!
Missing character: There is no 响 (U+54CD) in font [lmroman10-bold]:mapping=tex-
text;!
Missing character: There is no 。 (U+3002) in font [lmroman10-bold]:mapping=tex-
text;!
Missing character: There is no 我 (U+6211) in font [lmroman10-regular]:mapping=t
ex-text;!
Missing character: There is no 们 (U+4EEC) in font [lmroman10-regular]:mapping=t
ex-text;!
Missing character: There is no 发 (U+53D1) in font [lmroman10-regular]:mapping=t
ex-text;!
Missing character: There is no 现 (U+73B0) in font [lmroman10-regular]:mapping=t
ex-text;!
Missing character: There is no ， (U+FF0C) in font [lmroman10-regular]:mapping=t
ex-text;!
Missing character: There is no 在 (U+5728) in font [lmroman10-regular]:mapping=t
ex-text;!
Missing character: There is no 许 (U+8BB8) in font [lmroman10-regular]:mapping=t
ex-text;!
Missing character: There is no 多 (U+591A) in font [lmroman10-regular]:mapping=t
ex-text;!
Missing character: There is no 算 (U+7B97) in font [lmroman10-regular]:mapping=t
ex-text;!
Missing character: There is no 法 (U+6CD5) in font [lmroman10-regular]:mapping=t
ex-text;!
Missing character: There is no 的 (U+7684) in font [lmroman10-regular]:mapping=t
ex-text;!
Missing character: There is no 复 (U+590D) in font [lmroman10-regular]:mapping=t
ex-text;!
Missing character: There is no 杂 (U+6742) in font [lmroman10-regular]:mapping=t
ex-text;!
Missing character: There is no 度 (U+5EA6) in font [lmroman10-regular]:mapping=t
ex-text;!
Missing character: There is no 推 (U+63A8) in font [lmroman10-regular]:mapping=t
ex-text;!
Missing character: There is no 导 (U+5BFC) in font [lmroman10-regular]:mapping=t
ex-text;!
Missing character: There is no 中 (U+4E2D) in font [lmroman10-regular]:mapping=t
ex-text;!
Missing character: There is no ， (U+FF0C) in font [lmroman10-regular]:mapping=t
ex-text;!
Missing character: There is no 会 (U+4F1A) in font [lmroman10-regular]:mapping=t
ex-text;!
Missing character: There is no 发 (U+53D1) in font [lmroman10-regular]:mapping=t
ex-text;!
Missing character: There is no 现 (U+73B0) in font [lmroman10-regular]:mapping=t
ex-text;!
Missing character: There is no 这 (U+8FD9) in font [lmroman10-regular]:mapping=t
ex-text;!
Missing character: There is no 么 (U+4E48) in font [lmroman10-regular]:mapping=t
ex-text;!
Missing character: There is no 一 (U+4E00) in font [lmroman10-regular]:mapping=t
ex-text;!
Missing character: There is no 步 (U+6B65) in font [lmroman10-regular]:mapping=t
ex-text;!
Missing character: There is no ： (U+FF1A) in font [lmroman10-regular]:mapping=t
ex-text;!
Missing character: There is no （ (U+FF08) in font [lmroman10-regular]:mapping=t
ex-text;!
Missing character: There is no 注 (U+6CE8) in font [lmroman10-regular]:mapping=t
ex-text;!
Missing character: There is no 意 (U+610F) in font [lmroman10-regular]:mapping=t
ex-text;!
Missing character: There is no 假 (U+5047) in font [lmroman10-regular]:mapping=t
ex-text;!
Missing character: There is no 定 (U+5B9A) in font [lmroman10-regular]:mapping=t
ex-text;!
Missing character: There is no 是 (U+662F) in font [lmroman10-regular]:mapping=t
ex-text;!
Missing character: There is no 连 (U+8FDE) in font [lmroman10-regular]:mapping=t
ex-text;!
Missing character: There is no 续 (U+7EED) in font [lmroman10-regular]:mapping=t
ex-text;!
Missing character: There is no ， (U+FF0C) in font [lmroman10-regular]:mapping=t
ex-text;!
Missing character: There is no 恒 (U+6052) in font [lmroman10-regular]:mapping=t
ex-text;!
Missing character: There is no 为 (U+4E3A) in font [lmroman10-regular]:mapping=t
ex-text;!
Missing character: There is no 正 (U+6B63) in font [lmroman10-regular]:mapping=t
ex-text;!
Missing character: There is no ， (U+FF0C) in font [lmroman10-regular]:mapping=t
ex-text;!
Missing character: There is no 且 (U+4E14) in font [lmroman10-regular]:mapping=t
ex-text;!
Missing character: There is no 可 (U+53EF) in font [lmroman10-regular]:mapping=t
ex-text;!
Missing character: There is no 积 (U+79EF) in font [lmroman10-regular]:mapping=t
ex-text;!
Missing character: There is no 的 (U+7684) in font [lmroman10-regular]:mapping=t
ex-text;!
Missing character: There is no ） (U+FF09) in font [lmroman10-regular]:mapping=t
ex-text;!
Missing character: There is no 为 (U+4E3A) in font [lmroman10-regular]:mapping=t
ex-text;!
Missing character: There is no 什 (U+4EC0) in font [lmroman10-regular]:mapping=t
ex-text;!
Missing character: There is no 么 (U+4E48) in font [lmroman10-regular]:mapping=t
ex-text;!
Missing character: There is no 这 (U+8FD9) in font [lmroman10-regular]:mapping=t
ex-text;!
Missing character: There is no 么 (U+4E48) in font [lmroman10-regular]:mapping=t
ex-text;!
Missing character: There is no 做 (U+505A) in font [lmroman10-regular]:mapping=t
ex-text;!
Missing character: There is no 是 (U+662F) in font [lmroman10-regular]:mapping=t
ex-text;!
Missing character: There is no 正 (U+6B63) in font [lmroman10-regular]:mapping=t
ex-text;!
Missing character: There is no 确 (U+786E) in font [lmroman10-regular]:mapping=t
ex-text;!
Missing character: There is no 的 (U+7684) in font [lmroman10-regular]:mapping=t
ex-text;!
Missing character: There is no ？ (U+FF1F) in font [lmroman10-regular]:mapping=t
ex-text;!
Missing character: There is no 有 (U+6709) in font [lmroman10-regular]:mapping=t
ex-text;!
Missing character: There is no 的 (U+7684) in font [lmroman10-regular]:mapping=t
ex-text;!
Missing character: There is no 人 (U+4EBA) in font [lmroman10-regular]:mapping=t
ex-text;!
Missing character: There is no 会 (U+4F1A) in font [lmroman10-regular]:mapping=t
ex-text;!
Missing character: There is no 说 (U+8BF4) in font [lmroman10-regular]:mapping=t
ex-text;!
Missing character: There is no ， (U+FF0C) in font [lmroman10-regular]:mapping=t
ex-text;!
Missing character: There is no 因 (U+56E0) in font [lmroman10-regular]:mapping=t
ex-text;!
Missing character: There is no 为 (U+4E3A) in font [lmroman10-regular]:mapping=t
ex-text;!
Missing character: There is no 求 (U+6C42) in font [lmroman10-regular]:mapping=t
ex-text;!
Missing character: There is no 和 (U+548C) in font [lmroman10-regular]:mapping=t
ex-text;!
Missing character: There is no 就 (U+5C31) in font [lmroman10-regular]:mapping=t
ex-text;!
Missing character: There is no 是 (U+662F) in font [lmroman10-regular]:mapping=t
ex-text;!
Missing character: There is no 离 (U+79BB) in font [lmroman10-regular]:mapping=t
ex-text;!
Missing character: There is no 散 (U+6563) in font [lmroman10-regular]:mapping=t
ex-text;!
Missing character: There is no 的 (U+7684) in font [lmroman10-regular]:mapping=t
ex-text;!
Missing character: There is no 积 (U+79EF) in font [lmroman10-regular]:mapping=t
ex-text;!
Missing character: There is no 分 (U+5206) in font [lmroman10-regular]:mapping=t
ex-text;!
Missing character: There is no 啊 (U+554A) in font [lmroman10-regular]:mapping=t
ex-text;!
Missing character: There is no 。 (U+3002) in font [lmroman10-regular]:mapping=t
ex-text;!
Missing character: There is no 确 (U+786E) in font [lmroman10-regular]:mapping=t
ex-text;!
Missing character: There is no 实 (U+5B9E) in font [lmroman10-regular]:mapping=t
ex-text;!
Missing character: There is no 这 (U+8FD9) in font [lmroman10-regular]:mapping=t
ex-text;!
Missing character: There is no 么 (U+4E48) in font [lmroman10-regular]:mapping=t
ex-text;!
Missing character: There is no 说 (U+8BF4) in font [lmroman10-regular]:mapping=t
ex-text;!
Missing character: There is no 也 (U+4E5F) in font [lmroman10-regular]:mapping=t
ex-text;!
Missing character: There is no 是 (U+662F) in font [lmroman10-regular]:mapping=t
ex-text;!
Missing character: There is no 对 (U+5BF9) in font [lmroman10-regular]:mapping=t
ex-text;!
Missing character: There is no 的 (U+7684) in font [lmroman10-regular]:mapping=t
ex-text;!
Missing character: There is no ， (U+FF0C) in font [lmroman10-regular]:mapping=t
ex-text;!
Missing character: There is no 但 (U+4F46) in font [lmroman10-regular]:mapping=t
ex-text;!
Missing character: There is no 是 (U+662F) in font [lmroman10-regular]:mapping=t
ex-text;!
Missing character: There is no 证 (U+8BC1) in font [lmroman10-regular]:mapping=t
ex-text;!
Missing character: There is no 一 (U+4E00) in font [lmroman10-regular]:mapping=t
ex-text;!
Missing character: There is no 下 (U+4E0B) in font [lmroman10-regular]:mapping=t
ex-text;!
Missing character: There is no 更 (U+66F4) in font [lmroman10-regular]:mapping=t
ex-text;!
Missing character: There is no 严 (U+4E25) in font [lmroman10-regular]:mapping=t
ex-text;!
Missing character: There is no 谨 (U+8C28) in font [lmroman10-regular]:mapping=t
ex-text;!
Missing character: There is no 。 (U+3002) in font [lmroman10-regular]:mapping=t
ex-text;!
Missing character: There is no 即 (U+5373) in font [lmroman10-regular]:mapping=t
ex-text;!
Missing character: There is no 证 (U+8BC1) in font [lmroman10-regular]:mapping=t
ex-text;!
Missing character: There is no ： (U+FF1A) in font [lmroman10-regular]:mapping=t
ex-text;!
Missing character: There is no 设 (U+8BBE) in font [lmroman10-regular]:mapping=t
ex-text;!
Missing character: There is no 。 (U+3002) in font [lmroman10-regular]:mapping=t
ex-text;!
Missing character: There is no 即 (U+5373) in font [lmroman10-regular]:mapping=t
ex-text;!
Missing character: There is no 证 (U+8BC1) in font [lmroman10-regular]:mapping=t
ex-text;!
Missing character: There is no ： (U+FF1A) in font [lmroman10-regular]:mapping=t
ex-text;!
Missing character: There is no 不 (U+4E0D) in font [lmroman10-regular]:mapping=t
ex-text;!
Missing character: There is no 妨 (U+59A8) in font [lmroman10-regular]:mapping=t
ex-text;!
Missing character: There is no 直 (U+76F4) in font [lmroman10-regular]:mapping=t
ex-text;!
Missing character: There is no 接 (U+63A5) in font [lmroman10-regular]:mapping=t
ex-text;!
Missing character: There is no 证 (U+8BC1) in font [lmroman10-regular]:mapping=t
ex-text;!
Missing character: There is no 明 (U+660E) in font [lmroman10-regular]:mapping=t
ex-text;!
Missing character: There is no 更 (U+66F4) in font [lmroman10-regular]:mapping=t
ex-text;!
Missing character: There is no 强 (U+5F3A) in font [lmroman10-regular]:mapping=t
ex-text;!
Missing character: There is no 的 (U+7684) in font [lmroman10-regular]:mapping=t
ex-text;!
Missing character: There is no 性 (U+6027) in font [lmroman10-regular]:mapping=t
ex-text;!
Missing character: There is no 质 (U+8D28) in font [lmroman10-regular]:mapping=t
ex-text;!
Missing character: There is no 时 (U+65F6) in font [lmroman10-regular]:mapping=t
ex-text;!
Missing character: There is no 即 (U+5373) in font [lmroman10-regular]:mapping=t
ex-text;!
Missing character: There is no 满 (U+6EE1) in font [lmroman10-regular]:mapping=t
ex-text;!
Missing character: There is no 足 (U+8DB3) in font [lmroman10-regular]:mapping=t
ex-text;!
Missing character: There is no 。 (U+3002) in font [lmroman10-regular]:mapping=t
ex-text;!
Missing character: There is no 发 (U+53D1) in font [lmroman10-regular]:mapping=t
ex-text;!
Missing character: There is no 现 (U+73B0) in font [lmroman10-regular]:mapping=t
ex-text;!
Missing character: There is no ： (U+FF1A) in font [lmroman10-regular]:mapping=t
ex-text;!
Missing character: There is no 那 (U+90A3) in font [lmroman10-regular]:mapping=t
ex-text;!
Missing character: There is no 么 (U+4E48) in font [lmroman10-regular]:mapping=t
ex-text;!
Missing character: There is no 我 (U+6211) in font [lmroman10-regular]:mapping=t
ex-text;!
Missing character: There is no 们 (U+4EEC) in font [lmroman10-regular]:mapping=t
ex-text;!
Missing character: There is no 只 (U+53EA) in font [lmroman10-regular]:mapping=t
ex-text;!
Missing character: There is no 需 (U+9700) in font [lmroman10-regular]:mapping=t
ex-text;!
Missing character: There is no 要 (U+8981) in font [lmroman10-regular]:mapping=t
ex-text;!
Missing character: There is no 证 (U+8BC1) in font [lmroman10-regular]:mapping=t
ex-text;!
Missing character: There is no ， (U+FF0C) in font [lmroman10-regular]:mapping=t
ex-text;!
Missing character: There is no 对 (U+5BF9) in font [lmroman10-regular]:mapping=t
ex-text;!
Missing character: There is no ， (U+FF0C) in font [lmroman10-regular]:mapping=t
ex-text;!
Missing character: There is no 有 (U+6709) in font [lmroman10-regular]:mapping=t
ex-text;!
Missing character: There is no 。 (U+3002) in font [lmroman10-regular]:mapping=t
ex-text;!
Missing character: There is no 然 (U+7136) in font [lmroman10-regular]:mapping=t
ex-text;!
Missing character: There is no 后 (U+540E) in font [lmroman10-regular]:mapping=t
ex-text;!
Missing character: There is no 取 (U+53D6) in font [lmroman10-regular]:mapping=t
ex-text;!
Missing character: There is no ， (U+FF0C) in font [lmroman10-regular]:mapping=t
ex-text;!
Missing character: There is no 取 (U+53D6) in font [lmroman10-regular]:mapping=t
ex-text;!
Missing character: There is no 即 (U+5373) in font [lmroman10-regular]:mapping=t
ex-text;!
Missing character: There is no 可 (U+53EF) in font [lmroman10-regular]:mapping=t
ex-text;!
Missing character: There is no 。 (U+3002) in font [lmroman10-regular]:mapping=t
ex-text;!
Missing character: There is no 由 (U+7531) in font [lmroman10-regular]:mapping=t
ex-text;!
Missing character: There is no 积 (U+79EF) in font [lmroman10-regular]:mapping=t
ex-text;!
Missing character: There is no 分 (U+5206) in font [lmroman10-regular]:mapping=t
ex-text;!
Missing character: There is no 中 (U+4E2D) in font [lmroman10-regular]:mapping=t
ex-text;!
Missing character: There is no 值 (U+503C) in font [lmroman10-regular]:mapping=t
ex-text;!
Missing character: There is no 定 (U+5B9A) in font [lmroman10-regular]:mapping=t
ex-text;!
Missing character: There is no 理 (U+7406) in font [lmroman10-regular]:mapping=t
ex-text;!
Missing character: There is no 以 (U+4EE5) in font [lmroman10-regular]:mapping=t
ex-text;!
Missing character: There is no 及 (U+53CA) in font [lmroman10-regular]:mapping=t
ex-text;!
Missing character: There is no 连 (U+8FDE) in font [lmroman10-regular]:mapping=t
ex-text;!
Missing character: There is no 续 (U+7EED) in font [lmroman10-regular]:mapping=t
ex-text;!
Missing character: There is no 可 (U+53EF) in font [lmroman10-regular]:mapping=t
ex-text;!
Missing character: There is no 知 (U+77E5) in font [lmroman10-regular]:mapping=t
ex-text;!
Missing character: There is no ， (U+FF0C) in font [lmroman10-regular]:mapping=t
ex-text;!
Missing character: There is no 存 (U+5B58) in font [lmroman10-regular]:mapping=t
ex-text;!
Missing character: There is no 在 (U+5728) in font [lmroman10-regular]:mapping=t
ex-text;!
Missing character: There is no ， (U+FF0C) in font [lmroman10-regular]:mapping=t
ex-text;!
Missing character: There is no 使 (U+4F7F) in font [lmroman10-regular]:mapping=t
ex-text;!
Missing character: There is no 得 (U+5F97) in font [lmroman10-regular]:mapping=t
ex-text;!
Missing character: There is no 取 (U+53D6) in font [lmroman10-regular]:mapping=t
ex-text;!
Missing character: There is no 即 (U+5373) in font [lmroman10-regular]:mapping=t
ex-text;!
Missing character: There is no 可 (U+53EF) in font [lmroman10-regular]:mapping=t
ex-text;!
Missing character: There is no 。 (U+3002) in font [lmroman10-regular]:mapping=t
ex-text;!
Missing character: There is no 得 (U+5F97) in font [lmroman10-regular]:mapping=t
ex-text;!
Missing character: There is no 证 (U+8BC1) in font [lmroman10-regular]:mapping=t
ex-text;!
Missing character: There is no 。 (U+3002) in font [lmroman10-regular]:mapping=t
ex-text;!
Missing character: There is no 由 (U+7531) in font [lmroman10-regular]:mapping=t
ex-text;!
Missing character: There is no 此 (U+6B64) in font [lmroman10-regular]:mapping=t
ex-text;!
Missing character: There is no 我 (U+6211) in font [lmroman10-regular]:mapping=t
ex-text;!
Missing character: There is no 们 (U+4EEC) in font [lmroman10-regular]:mapping=t
ex-text;!
Missing character: There is no 有 (U+6709) in font [lmroman10-regular]:mapping=t
ex-text;!
Missing character: There is no 筛 (U+7B5B) in font [lmroman10-regular]:mapping=t
ex-text;!
Missing character: There is no 的 (U+7684) in font [lmroman10-regular]:mapping=t
ex-text;!
Missing character: There is no 复 (U+590D) in font [lmroman10-regular]:mapping=t
ex-text;!
Missing character: There is no 杂 (U+6742) in font [lmroman10-regular]:mapping=t
ex-text;!
Missing character: There is no 度 (U+5EA6) in font [lmroman10-regular]:mapping=t
ex-text;!
Missing character: There is no 是 (U+662F) in font [lmroman10-regular]:mapping=t
ex-text;!
Missing character: There is no 或 (U+6216) in font [lmroman10-regular]:mapping=t
ex-text;!
Missing character: There is no ， (U+FF0C) in font [lmroman10-regular]:mapping=t
ex-text;!
Missing character: There is no 想 (U+60F3) in font [lmroman10-regular]:mapping=t
ex-text;!
Missing character: There is no 看 (U+770B) in font [lmroman10-regular]:mapping=t
ex-text;!
Missing character: There is no 具 (U+5177) in font [lmroman10-regular]:mapping=t
ex-text;!
Missing character: There is no 体 (U+4F53) in font [lmroman10-regular]:mapping=t
ex-text;!
Missing character: There is no 推 (U+63A8) in font [lmroman10-regular]:mapping=t
ex-text;!
Missing character: There is no 导 (U+5BFC) in font [lmroman10-regular]:mapping=t
ex-text;!
Missing character: There is no 就 (U+5C31) in font [lmroman10-regular]:mapping=t
ex-text;!
Missing character: There is no 见 (U+89C1) in font [lmroman10-regular]:mapping=t
ex-text;!
Missing character: There is no 或 (U+6216) in font [lmroman10-regular]:mapping=t
ex-text;!
Missing character: There is no 者 (U+8005) in font [lmroman10-regular]:mapping=t
ex-text;!
Missing character: There is no 大 (U+5927) in font [lmroman10-regular]:mapping=t
ex-text;!
Missing character: There is no 佬 (U+4F6C) in font [lmroman10-regular]:mapping=t
ex-text;!
Missing character: There is no 们 (U+4EEC) in font [lmroman10-regular]:mapping=t
ex-text;!
Missing character: There is no 的 (U+7684) in font [lmroman10-regular]:mapping=t
ex-text;!
Missing character: There is no 博 (U+535A) in font [lmroman10-regular]:mapping=t
ex-text;!
Missing character: There is no 客 (U+5BA2) in font [lmroman10-regular]:mapping=t
ex-text;!
Missing character: There is no 吧 (U+5427) in font [lmroman10-regular]:mapping=t
ex-text;!
Missing character: There is no 。 (U+3002) in font [lmroman10-regular]:mapping=t
ex-text;!


[7]
Missing character: There is no 具 (U+5177) in font [lmroman12-bold]:mapping=tex-
text;!
Missing character: There is no 体 (U+4F53) in font [lmroman12-bold]:mapping=tex-
text;!
Missing character: There is no 实 (U+5B9E) in font [lmroman12-bold]:mapping=tex-
text;!
Missing character: There is no 现 (U+73B0) in font [lmroman12-bold]:mapping=tex-
text;!
Missing character: There is no 这 (U+8FD9) in font [lmroman10-regular]:mapping=t
ex-text;!
Missing character: There is no 里 (U+91CC) in font [lmroman10-regular]:mapping=t
ex-text;!
Missing character: There is no 就 (U+5C31) in font [lmroman10-regular]:mapping=t
ex-text;!
Missing character: There is no 以 (U+4EE5) in font [lmroman10-regular]:mapping=t
ex-text;!
Missing character: There is no 模 (U+6A21) in font [lmroman10-regular]:mapping=t
ex-text;!
Missing character: There is no 板 (U+677F) in font [lmroman10-regular]:mapping=t
ex-text;!
Missing character: There is no 为 (U+4E3A) in font [lmroman10-regular]:mapping=t
ex-text;!
Missing character: There is no 例 (U+4F8B) in font [lmroman10-regular]:mapping=t
ex-text;!
Missing character: There is no 。 (U+3002) in font [lmroman10-regular]:mapping=t
ex-text;!
Missing character: There is no 快 (U+5FEB) in font [lmmono10-italic]:!
Missing character: There is no 读 (U+8BFB) in font [lmmono10-italic]:!
Missing character: There is no 部 (U+90E8) in font [lmmono10-italic]:!
Missing character: There is no 分 (U+5206) in font [lmmono10-italic]:!
Missing character: There is no ， (U+FF0C) in font [lmmono10-italic]:!
Missing character: There is no 暂 (U+6682) in font [lmmono10-italic]:!
Missing character: There is no 时 (U+65F6) in font [lmmono10-italic]:!
Missing character: There is no 不 (U+4E0D) in font [lmmono10-italic]:!
Missing character: There is no 予 (U+4E88) in font [lmmono10-italic]:!
Missing character: There is no 展 (U+5C55) in font [lmmono10-italic]:!
Missing character: There is no 示 (U+793A) in font [lmmono10-italic]:!


[8]

[9]
Missing character: There is no 顺 (U+987A) in font [lmroman10-regular]:mapping=t
ex-text;!
Missing character: There is no 便 (U+4FBF) in font [lmroman10-regular]:mapping=t
ex-text;!
Missing character: There is no 警 (U+8B66) in font [lmroman10-regular]:mapping=t
ex-text;!
Missing character: There is no 示 (U+793A) in font [lmroman10-regular]:mapping=t
ex-text;!
Missing character: There is no 一 (U+4E00) in font [lmroman10-regular]:mapping=t
ex-text;!
Missing character: There is no 下 (U+4E0B) in font [lmroman10-regular]:mapping=t
ex-text;!
Missing character: There is no 后 (U+540E) in font [lmroman10-regular]:mapping=t
ex-text;!
Missing character: There is no 人 (U+4EBA) in font [lmroman10-regular]:mapping=t
ex-text;!
Missing character: There is no ， (U+FF0C) in font [lmroman10-regular]:mapping=t
ex-text;!
Missing character: There is no 这 (U+8FD9) in font [lmroman10-regular]:mapping=t
ex-text;!
Missing character: There is no 题 (U+9898) in font [lmroman10-regular]:mapping=t
ex-text;!
Missing character: There is no 需 (U+9700) in font [lmroman10-regular]:mapping=t
ex-text;!
Missing character: There is no 要 (U+8981) in font [lmroman10-regular]:mapping=t
ex-text;!
Missing character: There is no ， (U+FF0C) in font [lmroman10-regular]:mapping=t
ex-text;!
Missing character: There is no 而 (U+800C) in font [lmroman10-regular]:mapping=t
ex-text;!
Missing character: There is no 且 (U+4E14) in font [lmroman10-regular]:mapping=t
ex-text;!
Missing character: There is no 要 (U+8981) in font [lmroman10-regular]:mapping=t
ex-text;!
Missing character: There is no 随 (U+968F) in font [lmroman10-regular]:mapping=t
ex-text;!
Missing character: There is no 时 (U+65F6) in font [lmroman10-regular]:mapping=t
ex-text;!
Missing character: There is no 随 (U+968F) in font [lmroman10-regular]:mapping=t
ex-text;!
Missing character: There is no 地 (U+5730) in font [lmroman10-regular]:mapping=t
ex-text;!
Missing character: There is no 取 (U+53D6) in font [lmroman10-regular]:mapping=t
ex-text;!
Missing character: There is no 模 (U+6A21) in font [lmroman10-regular]:mapping=t
ex-text;!
Missing character: There is no 。 (U+3002) in font [lmroman10-regular]:mapping=t
ex-text;!
Missing character: There is no 优 (U+4F18) in font [lmroman12-bold]:mapping=tex-
text;!
Missing character: There is no 化 (U+5316) in font [lmroman12-bold]:mapping=tex-
text;!
Missing character: There is no 这 (U+8FD9) in font [lmroman10-regular]:mapping=t
ex-text;!
Missing character: There is no 里 (U+91CC) in font [lmroman10-regular]:mapping=t
ex-text;!
Missing character: There is no 我 (U+6211) in font [lmroman10-regular]:mapping=t
ex-text;!
Missing character: There is no 知 (U+77E5) in font [lmroman10-regular]:mapping=t
ex-text;!
Missing character: There is no 道 (U+9053) in font [lmroman10-regular]:mapping=t
ex-text;!
Missing character: There is no 有 (U+6709) in font [lmroman10-regular]:mapping=t
ex-text;!
Missing character: There is no 三 (U+4E09) in font [lmroman10-regular]:mapping=t
ex-text;!
Missing character: There is no 种 (U+79CD) in font [lmroman10-regular]:mapping=t
ex-text;!
Missing character: There is no 优 (U+4F18) in font [lmroman10-regular]:mapping=t
ex-text;!
Missing character: There is no 化 (U+5316) in font [lmroman10-regular]:mapping=t
ex-text;!
Missing character: There is no ： (U+FF1A) in font [lmroman10-regular]:mapping=t
ex-text;!
Missing character: There is no 筛 (U+7B5B) in font [lmroman10-regular]:mapping=t
ex-text;!
Missing character: There is no ， (U+FF0C) in font [lmroman10-regular]:mapping=t
ex-text;!
Missing character: There is no 使 (U+4F7F) in font [lmroman10-regular]:mapping=t
ex-text;!
Missing character: There is no 用 (U+7528) in font [lmroman10-regular]:mapping=t
ex-text;!
Missing character: There is no 根 (U+6839) in font [lmroman10-regular]:mapping=t
ex-text;!
Missing character: There is no 号 (U+53F7) in font [lmroman10-regular]:mapping=t
ex-text;!
Missing character: There is no 分 (U+5206) in font [lmroman10-regular]:mapping=t
ex-text;!
Missing character: There is no 治 (U+6CBB) in font [lmroman10-regular]:mapping=t
ex-text;!
Missing character: There is no 优 (U+4F18) in font [lmroman10-regular]:mapping=t
ex-text;!
Missing character: There is no 化 (U+5316) in font [lmroman10-regular]:mapping=t
ex-text;!
Missing character: There is no 。 (U+3002) in font [lmroman10-regular]:mapping=t
ex-text;!
Missing character: There is no 新 (U+65B0) in font [lmroman10-regular]:mapping=t
ex-text;!
Missing character: There is no 版 (U+7248) in font [lmroman10-regular]:mapping=t
ex-text;!
Missing character: There is no 筛 (U+7B5B) in font [lmroman10-regular]:mapping=t
ex-text;!
Missing character: There is no ， (U+FF0C) in font [lmroman10-regular]:mapping=t
ex-text;!
Missing character: There is no 然 (U+7136) in font [lmroman10-regular]:mapping=t
ex-text;!
Missing character: There is no 而 (U+800C) in font [lmroman10-regular]:mapping=t
ex-text;!
Missing character: There is no 公 (U+516C) in font [lmroman10-regular]:mapping=t
ex-text;!
Missing character: There is no 式 (U+5F0F) in font [lmroman10-regular]:mapping=t
ex-text;!
Missing character: There is no 炸 (U+70B8) in font [lmroman10-regular]:mapping=t
ex-text;!
Missing character: There is no 了 (U+4E86) in font [lmroman10-regular]:mapping=t
ex-text;!
Missing character: There is no ， (U+FF0C) in font [lmroman10-regular]:mapping=t
ex-text;!
Missing character: There is no 似 (U+4F3C) in font [lmroman10-regular]:mapping=t
ex-text;!
Missing character: There is no 乎 (U+4E4E) in font [lmroman10-regular]:mapping=t
ex-text;!
Missing character: There is no 是 (U+662F) in font [lmroman10-regular]:mapping=t
ex-text;!
Missing character: There is no 树 (U+6811) in font [lmroman10-regular]:mapping=t
ex-text;!
Missing character: There is no 状 (U+72B6) in font [lmroman10-regular]:mapping=t
ex-text;!
Missing character: There is no 数 (U+6570) in font [lmroman10-regular]:mapping=t
ex-text;!
Missing character: There is no 组 (U+7EC4) in font [lmroman10-regular]:mapping=t
ex-text;!
Missing character: There is no 优 (U+4F18) in font [lmroman10-regular]:mapping=t
ex-text;!
Missing character: There is no 化 (U+5316) in font [lmroman10-regular]:mapping=t
ex-text;!
Missing character: There is no ？ (U+FF1F) in font [lmroman10-regular]:mapping=t
ex-text;!
Missing character: There is no 的 (U+7684) in font [lmroman10-regular]:mapping=t
ex-text;!
Missing character: There is no 算 (U+7B97) in font [lmroman10-regular]:mapping=t
ex-text;!
Missing character: There is no 法 (U+6CD5) in font [lmroman10-regular]:mapping=t
ex-text;!
Missing character: There is no ， (U+FF0C) in font [lmroman10-regular]:mapping=t
ex-text;!
Missing character: There is no 优 (U+4F18) in font [lmroman10-regular]:mapping=t
ex-text;!
Missing character: There is no 化 (U+5316) in font [lmroman10-regular]:mapping=t
ex-text;!
Missing character: There is no 到 (U+5230) in font [lmroman10-regular]:mapping=t
ex-text;!
Missing character: There is no 了 (U+4E86) in font [lmroman10-regular]:mapping=t
ex-text;!
Missing character: There is no ， (U+FF0C) in font [lmroman10-regular]:mapping=t
ex-text;!
Missing character: There is no 太 (U+592A) in font [lmroman10-regular]:mapping=t
ex-text;!
Missing character: There is no 强 (U+5F3A) in font [lmroman10-regular]:mapping=t
ex-text;!
Missing character: There is no 了 (U+4E86) in font [lmroman10-regular]:mapping=t
ex-text;!
Missing character: There is no ！ (U+FF01) in font [lmroman10-regular]:mapping=t
ex-text;!
Missing character: There is no 这 ("8FD9) in font ectt1000!
Missing character: There is no 像 ("50CF) in font ectt1000!
Missing character: There is no 是 ("662F) in font ectt1000!
Missing character: There is no 我 ("6211) in font ectt1000!
Missing character: There is no 能 ("80FD) in font ectt1000!
Missing character: There is no 会 ("4F1A) in font ectt1000!
Missing character: There is no 的 ("7684) in font ectt1000!
Missing character: There is no 吗 ("5417) in font ectt1000!
Missing character: There is no ？ ("FF1F) in font ectt1000!
Missing character: There is no 鸣 (U+9E23) in font [lmroman12-bold]:mapping=tex-
text;!
Missing character: There is no 谢 (U+8C22) in font [lmroman12-bold]:mapping=tex-
text;!
Missing character: There is no 感 (U+611F) in font [lmroman10-regular]:mapping=t
ex-text;!
Missing character: There is no 谢 (U+8C22) in font [lmroman10-regular]:mapping=t
ex-text;!
Missing character: There is no 提 (U+63D0) in font [lmroman10-regular]:mapping=t
ex-text;!
Missing character: There is no 供 (U+4F9B) in font [lmroman10-regular]:mapping=t
ex-text;!
Missing character: There is no 的 (U+7684) in font [lmroman10-regular]:mapping=t
ex-text;!
Missing character: There is no 高 (U+9AD8) in font [lmroman10-regular]:mapping=t
ex-text;!
Missing character: There is no 质 (U+8D28) in font [lmroman10-regular]:mapping=t
ex-text;!
Missing character: There is no 量 (U+91CF) in font [lmroman10-regular]:mapping=t
ex-text;!
Missing character: There is no 模 (U+6A21) in font [lmroman10-regular]:mapping=t
ex-text;!
Missing character: There is no 拟 (U+62DF) in font [lmroman10-regular]:mapping=t
ex-text;!
Missing character: There is no 赛 (U+8D5B) in font [lmroman10-regular]:mapping=t
ex-text;!
Missing character: There is no 使 (U+4F7F) in font [lmroman10-regular]:mapping=t
ex-text;!
Missing character: There is no 得 (U+5F97) in font [lmroman10-regular]:mapping=t
ex-text;!
Missing character: There is no 我 (U+6211) in font [lmroman10-regular]:mapping=t
ex-text;!
Missing character: There is no 学 (U+5B66) in font [lmroman10-regular]:mapping=t
ex-text;!
Missing character: There is no 习 (U+4E60) in font [lmroman10-regular]:mapping=t
ex-text;!
Missing character: There is no 这 (U+8FD9) in font [lmroman10-regular]:mapping=t
ex-text;!
Missing character: There is no 一 (U+4E00) in font [lmroman10-regular]:mapping=t
ex-text;!
Missing character: There is no 算 (U+7B97) in font [lmroman10-regular]:mapping=t
ex-text;!
Missing character: There is no 法 (U+6CD5) in font [lmroman10-regular]:mapping=t
ex-text;!
Missing character: There is no 。 (U+3002) in font [lmroman10-regular]:mapping=t
ex-text;!
Missing character: There is no 感 (U+611F) in font [lmroman10-regular]:mapping=t
ex-text;!
Missing character: There is no 谢 (U+8C22) in font [lmroman10-regular]:mapping=t
ex-text;!
Missing character: There is no 提 (U+63D0) in font [lmroman10-regular]:mapping=t
ex-text;!
Missing character: There is no 出 (U+51FA) in font [lmroman10-regular]:mapping=t
ex-text;!
Missing character: There is no 在 (U+5728) in font [lmroman10-regular]:mapping=t
ex-text;!
Missing character: There is no 赛 (U+8D5B) in font [lmroman10-regular]:mapping=t
ex-text;!
Missing character: There is no 时 (U+65F6) in font [lmroman10-regular]:mapping=t
ex-text;!
Missing character: There is no 当 (U+5F53) in font [lmroman10-regular]:mapping=t
ex-text;!
Missing character: There is no 场 (U+573A) in font [lmroman10-regular]:mapping=t
ex-text;!
Missing character: There is no 学 (U+5B66) in font [lmroman10-regular]:mapping=t
ex-text;!
Missing character: There is no 当 (U+5F53) in font [lmroman10-regular]:mapping=t
ex-text;!
Missing character: There is no 场 (U+573A) in font [lmroman10-regular]:mapping=t
ex-text;!
Missing character: There is no 写 (U+5199) in font [lmroman10-regular]:mapping=t
ex-text;!
Missing character: There is no 的 (U+7684) in font [lmroman10-regular]:mapping=t
ex-text;!
Missing character: There is no 新 (U+65B0) in font [lmroman10-regular]:mapping=t
ex-text;!
Missing character: There is no 思 (U+601D) in font [lmroman10-regular]:mapping=t
ex-text;!
Missing character: There is no 路 (U+8DEF) in font [lmroman10-regular]:mapping=t
ex-text;!
Missing character: There is no 。 (U+3002) in font [lmroman10-regular]:mapping=t
ex-text;!
Missing character: There is no （ (U+FF08) in font [lmroman10-regular]:mapping=t
ex-text;!
Missing character: There is no 尽 (U+5C3D) in font [lmroman10-regular]:mapping=t
ex-text;!
Missing character: There is no 管 (U+7BA1) in font [lmroman10-regular]:mapping=t
ex-text;!
Missing character: There is no 没 (U+6CA1) in font [lmroman10-regular]:mapping=t
ex-text;!
Missing character: There is no 有 (U+6709) in font [lmroman10-regular]:mapping=t
ex-text;!
Missing character: There is no 实 (U+5B9E) in font [lmroman10-regular]:mapping=t
ex-text;!
Missing character: There is no 现 (U+73B0) in font [lmroman10-regular]:mapping=t
ex-text;!
Missing character: There is no ） (U+FF09) in font [lmroman10-regular]:mapping=t
ex-text;!
Missing character: There is no 感 (U+611F) in font [lmroman10-regular]:mapping=t
ex-text;!
Missing character: There is no 谢 (U+8C22) in font [lmroman10-regular]:mapping=t
ex-text;!
Missing character: There is no 神 (U+795E) in font [lmroman10-regular]:mapping=t
ex-text;!
Missing character: There is no 的 (U+7684) in font [lmroman10-regular]:mapping=t
ex-text;!
Missing character: There is no 光 (U+5149) in font [lmroman10-regular]:mapping=t
ex-text;!
Missing character: There is no 环 (U+73AF) in font [lmroman10-regular]:mapping=t
ex-text;!
Missing character: There is no 照 (U+7167) in font [lmroman10-regular]:mapping=t
ex-text;!
Missing character: There is no 耀 (U+8000) in font [lmroman10-regular]:mapping=t
ex-text;!
Missing character: There is no 。 (U+3002) in font [lmroman10-regular]:mapping=t
ex-text;!
Missing character: There is no 感 (U+611F) in font [lmroman10-regular]:mapping=t
ex-text;!
Missing character: There is no 谢 (U+8C22) in font [lmroman10-regular]:mapping=t
ex-text;!
Missing character: There is no 提 (U+63D0) in font [lmroman10-regular]:mapping=t
ex-text;!
Missing character: There is no 供 (U+4F9B) in font [lmroman10-regular]:mapping=t
ex-text;!
Missing character: There is no 精 (U+7CBE) in font [lmroman10-regular]:mapping=t
ex-text;!
Missing character: There is no 神 (U+795E) in font [lmroman10-regular]:mapping=t
ex-text;!
Missing character: There is no 支 (U+652F) in font [lmroman10-regular]:mapping=t
ex-text;!
Missing character: There is no 持 (U+6301) in font [lmroman10-regular]:mapping=t
ex-text;!
Missing character: There is no 。 (U+3002) in font [lmroman10-regular]:mapping=t
ex-text;!


[10] (./Extended Eratosthenes Sieve.aux)
 ***********
LaTeX2e <2024-11-01> patch level 2
L3 programming layer <2025-01-18>
 ***********
 ) 
Here is how much of TeX's memory you used:
 18425 strings out of 475796
 338048 string characters out of 5774033
 911201 words of memory out of 5000000
 41129 multiletter control sequences out of 15000+600000
 565601 words of font info for 90 fonts, out of 8000000 for 9000
 36 hyphenation exceptions out of 8191
 90i,9n,114p,1026b,507s stack positions out of 10000i,1000n,20000p,200000b,200000s

Output written on Extended Eratosthenes Sieve.pdf (10 pages).
